{
    "accuracy": 0.974581939799331,
    "macro_precision": 0.9760433471193001,
    "macro_recall": 0.9742967937412382,
    "macro_f1": 0.9745258469211586,
    "weighted_f1": 0.9746645293007082,
    "num_classes": 36,
    "total_samples": 2990,
    "samples_per_class": 83.05555555555556,
    "mean_ap": 0.9946702214710312,
    "mean_auc": 0.999814859736945,
    "top_1_acc": 0.974581939799331,
    "top_3_acc": 0.9969899665551839,
    "top_5_acc": 0.9986622073578595,
    "best_class": {
        "name": "DA",
        "f1": 1.0
    },
    "worst_class": {
        "name": "GA",
        "f1": 0.9090909090909091
    },
    "class_f1_scores": {
        "BA": 0.9940828402366864,
        "BHA": 0.9880952380952381,
        "CHA": 0.9761904761904762,
        "CHHA": 0.9940119760479041,
        "DA": 1.0,
        "DAA": 0.912751677852349,
        "DHA": 0.963855421686747,
        "DHAA": 0.9529411764705882,
        "D_SHA": 0.9803921568627451,
        "GA": 0.9090909090909091,
        "GHA": 0.9882352941176471,
        "GYA": 0.9820359281437125,
        "HA": 0.9704142011834319,
        "JA": 0.9940119760479041,
        "JHA": 0.9820359281437125,
        "KA": 0.9813664596273292,
        "KHA": 0.9411764705882353,
        "KSHA": 0.9605263157894737,
        "LA": 0.9625,
        "MA": 0.9940119760479041,
        "M_SHA": 0.9700598802395209,
        "NA": 0.948051948051948,
        "NAA": 0.9281767955801105,
        "NGA": 0.9940828402366864,
        "PA": 0.9876543209876543,
        "PHA": 0.9940119760479041,
        "RA": 0.9879518072289156,
        "TA": 0.9940828402366864,
        "TAA": 0.9940828402366864,
        "THA": 0.9822485207100592,
        "THAA": 0.9704142011834319,
        "TRA": 0.963855421686747,
        "T_SHA": 0.9824561403508771,
        "WA": 0.9880952380952381,
        "YA": 0.9937888198757764,
        "YAN": 0.9761904761904762
    },
    "per_class_ap": {
        "BA": 0.9995747897552595,
        "BHA": 0.9998565691336775,
        "CHA": 0.9968552594341872,
        "CHHA": 1.0,
        "DA": 1.0,
        "DAA": 0.9702369875071435,
        "DHA": 0.994306730613669,
        "DHAA": 0.9755046019209714,
        "D_SHA": 0.9996733494786075,
        "GA": 0.9864072526228638,
        "GHA": 0.9988305094977337,
        "GYA": 0.999165948057661,
        "HA": 0.9978151260504201,
        "JA": 1.0,
        "JHA": 0.9990460389290864,
        "KA": 0.9944023362300789,
        "KHA": 0.9803650701363664,
        "KSHA": 0.9952501797627679,
        "LA": 0.9896080912123026,
        "MA": 0.9995894909688013,
        "M_SHA": 0.9897657477911138,
        "NA": 0.9859891910438672,
        "NAA": 0.9897383915058713,
        "NGA": 0.999718220621582,
        "PA": 0.9996970271485981,
        "PHA": 0.9988479262672811,
        "RA": 1.0,
        "TA": 0.9997182206215819,
        "TAA": 0.9997182206215821,
        "THA": 0.9983685537806853,
        "THAA": 0.9912251279603427,
        "TRA": 0.9864784512267758,
        "T_SHA": 0.9995747897552596,
        "WA": 0.9994588744588745,
        "YA": 0.9940237477392468,
        "YAN": 0.9993171511028655
    },
    "per_class_auc": {
        "BA": 0.9999877101563268,
        "BHA": 0.999995855454843,
        "CHA": 0.9999098744797299,
        "CHHA": 1.0,
        "DA": 1.0,
        "DAA": 0.9988626187778245,
        "DHA": 0.9998074591157867,
        "DHAA": 0.9994776816438894,
        "D_SHA": 0.9999911947027331,
        "GA": 0.999427065429128,
        "GHA": 0.9999672270835381,
        "GYA": 0.9999754203126536,
        "HA": 0.9999262609379609,
        "JA": 1.0,
        "JHA": 0.9999713236980959,
        "KA": 0.9997411184531615,
        "KHA": 0.9994797299511684,
        "KSHA": 0.9998547125950972,
        "LA": 0.9995119446248126,
        "MA": 0.9999877101563268,
        "M_SHA": 0.9997705895847673,
        "NA": 0.9995034567052442,
        "NAA": 0.9996804640644971,
        "NGA": 0.9999918067708845,
        "PA": 0.9999915120804316,
        "PHA": 0.9999631304689804,
        "RA": 1.0,
        "TA": 0.9999918067708845,
        "TAA": 0.9999918067708845,
        "THA": 0.9999508406253073,
        "THAA": 0.9996640776062662,
        "TRA": 0.9993322518270901,
        "T_SHA": 0.9999877101563268,
        "WA": 0.9999836135417691,
        "YA": 0.999677459056398,
        "YAN": 0.9999795169272113
    }
}