{
    "accuracy": 0.9425517702070808,
    "macro_precision": 0.9430320480517546,
    "macro_recall": 0.9424358220654514,
    "macro_f1": 0.942421345788747,
    "weighted_f1": 0.9424608759198214,
    "num_classes": 36,
    "total_samples": 2994,
    "samples_per_class": 83.16666666666667,
    "mean_ap": 0.9782940973308301,
    "mean_auc": 0.9978297726724796,
    "top_1_acc": 0.9425517702070808,
    "top_3_acc": 0.9893119572478289,
    "top_5_acc": 0.9949899799599199,
    "best_class": {
        "name": "DHA",
        "f1": 0.9882352941176471
    },
    "worst_class": {
        "name": "TRA",
        "f1": 0.8823529411764706
    },
    "class_f1_scores": {
        "BA": 0.9390243902439024,
        "BHA": 0.9221556886227545,
        "CHA": 0.9473684210526315,
        "CHHA": 0.9707602339181286,
        "DA": 0.9382716049382716,
        "DAA": 0.9202453987730062,
        "DHA": 0.9882352941176471,
        "DHAA": 0.9294117647058824,
        "D_SHA": 0.9487179487179487,
        "GA": 0.9620253164556962,
        "GHA": 0.9707602339181286,
        "GYA": 0.9764705882352941,
        "HA": 0.9349112426035503,
        "JA": 0.9580838323353293,
        "JHA": 0.9333333333333333,
        "KA": 0.925,
        "KHA": 0.9822485207100592,
        "KSHA": 0.9078947368421053,
        "LA": 0.968944099378882,
        "MA": 0.9585798816568047,
        "M_SHA": 0.9349112426035503,
        "NA": 0.9506172839506173,
        "NAA": 0.9454545454545454,
        "NGA": 0.9404761904761905,
        "PA": 0.9390243902439024,
        "PHA": 0.9764705882352941,
        "RA": 0.9364161849710982,
        "TA": 0.9204545454545454,
        "TAA": 0.9112426035502958,
        "THA": 0.9146341463414634,
        "THAA": 0.9473684210526315,
        "TRA": 0.8823529411764706,
        "T_SHA": 0.9647058823529412,
        "WA": 0.9325153374233128,
        "YA": 0.9259259259259259,
        "YAN": 0.9221556886227545
    },
    "per_class_ap": {
        "BA": 0.9753206306821466,
        "BHA": 0.9694450701646717,
        "CHA": 0.9593803455251708,
        "CHHA": 0.9903817835353655,
        "DA": 0.9712346278624332,
        "DAA": 0.9441541707716317,
        "DHA": 0.9862179490131114,
        "DHAA": 0.9887175270596799,
        "D_SHA": 0.9815124317991377,
        "GA": 0.9675759218719556,
        "GHA": 0.9937533271413745,
        "GYA": 0.9991787624140565,
        "HA": 0.9839389848455545,
        "JA": 0.9888116891168477,
        "JHA": 0.9803929186157757,
        "KA": 0.9798490728477857,
        "KHA": 0.9895927346258496,
        "KSHA": 0.9644152172758993,
        "LA": 0.9862465814962262,
        "MA": 0.9890900304830218,
        "M_SHA": 0.9833335563946204,
        "NA": 0.9854351402732602,
        "NAA": 0.980512395162568,
        "NGA": 0.9683497498344654,
        "PA": 0.9860533964908584,
        "PHA": 0.9965454762556529,
        "RA": 0.9690323061010786,
        "TA": 0.9878018930781095,
        "TAA": 0.949599204859645,
        "THA": 0.9635211036915172,
        "THAA": 0.9632787323107314,
        "TRA": 0.9697096863224526,
        "T_SHA": 0.9947881559200573,
        "WA": 0.9652684932328169,
        "YA": 0.977871805959345,
        "YAN": 0.9882766308750053
    },
    "per_class_auc": {
        "BA": 0.9984249713631157,
        "BHA": 0.9971567664866634,
        "CHA": 0.9985477008672885,
        "CHHA": 0.9996440844378989,
        "DA": 0.9979095074455899,
        "DAA": 0.9850392734413354,
        "DHA": 0.9996972672230404,
        "DHAA": 0.9996563573883162,
        "D_SHA": 0.9960606380359467,
        "GA": 0.9943929511385741,
        "GHA": 0.9998199967272132,
        "GYA": 0.9999754540991654,
        "HA": 0.9991204385534282,
        "JA": 0.9994599901816397,
        "JHA": 0.9988340697103584,
        "KA": 0.9985166537403636,
        "KHA": 0.9989527082310588,
        "KSHA": 0.9929962013295347,
        "LA": 0.9993049463240561,
        "MA": 0.9993372606774669,
        "M_SHA": 0.9995213549337261,
        "NA": 0.9993558039101007,
        "NAA": 0.9989077074128621,
        "NGA": 0.9973940435280642,
        "PA": 0.999631282501176,
        "PHA": 0.9999018163966618,
        "RA": 0.9981672394043528,
        "TA": 0.9996113565701195,
        "TAA": 0.9870602192767142,
        "THA": 0.996874488627066,
        "THAA": 0.998322696776305,
        "TRA": 0.9989158893798069,
        "T_SHA": 0.9998077237767959,
        "WA": 0.9971199476354116,
        "YA": 0.9988175611244612,
        "YAN": 0.9996154475535919
    }
}