{
    "accuracy": 0.9408817635270541,
    "macro_f1": 0.940580714494732,
    "weighted_f1": 0.9404186104017569,
    "macro_precision": 0.9478256573245221,
    "weighted_precision": 0.9475795762804292,
    "macro_recall": 0.9408963807111955,
    "weighted_recall": 0.9408817635270541,
    "mean_average_precision": 0.98973254686994,
    "mean_auroc": 0.9996550139437131,
    "per_class_ap": {
        "BA": 0.9903147106387279,
        "BHA": 0.9836917001738837,
        "CHA": 0.9791047492436076,
        "CHHA": 1.0,
        "DA": 0.9999999999999998,
        "DAA": 0.9970850125827256,
        "DHA": 0.9963107582412809,
        "DHAA": 0.9361718849878041,
        "D_SHA": 0.9998377150275883,
        "GA": 0.986462950984669,
        "GHA": 0.912867180048256,
        "GYA": 0.9969971116541869,
        "HA": 0.9937223271585398,
        "JA": 1.0,
        "JHA": 0.9979841728301472,
        "KA": 0.9935107567236693,
        "KHA": 0.9879098408841499,
        "KSHA": 0.994216086040567,
        "LA": 0.9949115002460802,
        "MA": 0.9698313231173834,
        "M_SHA": 0.9929055377369939,
        "NA": 0.9954856405337205,
        "NAA": 0.987628282228368,
        "NGA": 0.991618720485686,
        "PA": 1.0,
        "PHA": 0.9995894909688012,
        "RA": 0.9989159107593912,
        "TA": 0.99863762627198,
        "TAA": 0.992338864983896,
        "THA": 0.9994430330271642,
        "THAA": 0.9937789345310817,
        "TRA": 0.9965157229375868,
        "T_SHA": 0.9980986582475595,
        "WA": 0.9950882316448975,
        "YA": 0.9864379111395882,
        "YAN": 0.9929593412378581
    },
    "per_class_auroc": {
        "BA": 0.9997095401734577,
        "BHA": 0.9995540828015055,
        "CHA": 0.9992758959253805,
        "CHHA": 1.0,
        "DA": 1.0,
        "DAA": 0.9999059073801342,
        "DHA": 0.999885452462772,
        "DHAA": 0.9975372279495991,
        "D_SHA": 0.9999956033906652,
        "GA": 0.9995507579899388,
        "GHA": 0.9970340369824906,
        "GYA": 0.999914089347079,
        "HA": 0.999779086892489,
        "JA": 1.0,
        "JHA": 0.9999386352479136,
        "KA": 0.9997669027306285,
        "KHA": 0.9996563573883162,
        "KSHA": 0.9998285322359396,
        "LA": 0.9998601416383771,
        "MA": 0.9989240713467518,
        "M_SHA": 0.9997545409916544,
        "NA": 0.9998728560348883,
        "NAA": 0.9996604483717886,
        "NGA": 0.9997177221404026,
        "PA": 1.0,
        "PHA": 0.9999877270495827,
        "RA": 0.9999672721322206,
        "TA": 0.9999590901652757,
        "TAA": 0.9997463590247095,
        "THA": 0.9999836360661103,
        "THAA": 0.9997872688594338,
        "TRA": 0.999885452462772,
        "T_SHA": 0.999942726231386,
        "WA": 0.9998568155784651,
        "YA": 0.9995549961221091,
        "YAN": 0.9997872688594338
    },
    "num_samples": 2994,
    "num_classes": 36
}