{
    "accuracy": 0.938877755511022,
    "macro_precision": 0.9394518889185905,
    "macro_recall": 0.9391091590165664,
    "macro_f1": 0.9385345118575064,
    "weighted_f1": 0.938347133910666,
    "num_classes": 36,
    "total_samples": 2994,
    "samples_per_class": 83.16666666666667,
    "mean_ap": 0.9794625545463685,
    "mean_auc": 0.9993357015692532,
    "top_1_acc": 0.938877755511022,
    "top_3_acc": 0.9976619906479626,
    "top_5_acc": 1.0,
    "best_class": {
        "name": "PA",
        "f1": 0.9938650306748467
    },
    "worst_class": {
        "name": "DHAA",
        "f1": 0.6582278481012658
    },
    "class_f1_scores": {
        "BA": 0.9090909090909091,
        "BHA": 0.9440993788819876,
        "CHA": 0.963855421686747,
        "CHHA": 0.9710982658959537,
        "DA": 0.9822485207100592,
        "DAA": 0.9634146341463414,
        "DHA": 0.9285714285714286,
        "DHAA": 0.6582278481012658,
        "D_SHA": 0.9736842105263158,
        "GA": 0.9079754601226994,
        "GHA": 0.7294117647058823,
        "GYA": 0.9570552147239264,
        "HA": 0.9333333333333333,
        "JA": 0.9764705882352941,
        "JHA": 0.9647058823529412,
        "KA": 0.9467455621301775,
        "KHA": 0.9,
        "KSHA": 0.9487179487179487,
        "LA": 0.9815950920245399,
        "MA": 0.9132947976878613,
        "M_SHA": 0.9590643274853801,
        "NA": 0.9506172839506173,
        "NAA": 0.8902439024390244,
        "NGA": 0.9595375722543352,
        "PA": 0.9938650306748467,
        "PHA": 0.9882352941176471,
        "RA": 0.9655172413793104,
        "TA": 0.9595375722543352,
        "TAA": 0.9700598802395209,
        "THA": 0.9696969696969697,
        "THAA": 0.9696969696969697,
        "TRA": 0.9642857142857143,
        "T_SHA": 0.925,
        "WA": 0.9629629629629629,
        "YA": 0.9467455621301775,
        "YAN": 0.9585798816568047
    },
    "per_class_ap": {
        "BA": 0.9723467582641123,
        "BHA": 0.9940881957459498,
        "CHA": 0.9919021209499744,
        "CHHA": 0.9994477676127922,
        "DA": 0.9997231450719822,
        "DAA": 0.9959093316573806,
        "DHA": 0.9796450950186603,
        "DHAA": 0.7734690967214812,
        "D_SHA": 0.9990500391858834,
        "GA": 0.9696439714258173,
        "GHA": 0.788080504542812,
        "GYA": 0.9966779241096834,
        "HA": 0.9943428673420434,
        "JA": 0.9979128151046468,
        "JHA": 0.9977855976202288,
        "KA": 0.9979359967282673,
        "KHA": 0.9640082625457943,
        "KSHA": 0.9915360784025244,
        "LA": 0.9953446896853199,
        "MA": 0.974714691325378,
        "M_SHA": 0.9964038779082006,
        "NA": 0.9940102451371753,
        "NAA": 0.9514229201115096,
        "NGA": 0.9961430069252041,
        "PA": 0.9995500979684628,
        "PHA": 1.0,
        "RA": 0.9988855976872233,
        "TA": 0.9984037809880506,
        "TAA": 0.9970202560840695,
        "THA": 0.9983312716071975,
        "THAA": 0.9981915021311402,
        "TRA": 0.992784618644546,
        "T_SHA": 0.991615512451554,
        "WA": 0.9984802330677847,
        "YA": 0.987620157539301,
        "YAN": 0.9882239363571139
    },
    "per_class_auc": {
        "BA": 0.9990549828178694,
        "BHA": 0.9998159057437408,
        "CHA": 0.9997422680412371,
        "CHHA": 0.9999836360661103,
        "DA": 0.9999918180330551,
        "DAA": 0.9998772704958272,
        "DHA": 0.9992799869088529,
        "DHAA": 0.9918793978072328,
        "D_SHA": 0.9999736203439907,
        "GA": 0.9991227066407293,
        "GHA": 0.9941662575683194,
        "GYA": 0.9999059073801342,
        "HA": 0.9998363606611029,
        "JA": 0.9999345442644412,
        "JHA": 0.9999304532809687,
        "KA": 0.9999364280174441,
        "KHA": 0.9985640648011782,
        "KSHA": 0.9997493932679118,
        "LA": 0.9998262365810141,
        "MA": 0.9992840778923253,
        "M_SHA": 0.9998813614792996,
        "NA": 0.9998092840523324,
        "NAA": 0.9986213385697922,
        "NGA": 0.999885452462772,
        "PA": 0.9999872856034888,
        "PHA": 1.0,
        "RA": 0.9999672721322206,
        "TA": 0.9999509081983309,
        "TAA": 0.9999018163966618,
        "THA": 0.9999509081983309,
        "THAA": 0.9999468172148585,
        "TRA": 0.9997340860742923,
        "T_SHA": 0.9997709049255441,
        "WA": 0.9999549991818033,
        "YA": 0.9993134225883968,
        "YAN": 0.9995540828015055
    }
}