{
    "accuracy": 0.9352037408149633,
    "macro_precision": 0.9375097872745146,
    "macro_recall": 0.9352954144620809,
    "macro_f1": 0.9353288831932038,
    "weighted_f1": 0.9352061153889522,
    "num_classes": 36,
    "total_samples": 2994,
    "samples_per_class": 83.16666666666667,
    "mean_ap": 0.9775671981894123,
    "top_1_acc": 0.9352037408149633,
    "top_3_acc": 0.9909819639278558,
    "top_5_acc": 0.9979959919839679,
    "best_class": {
        "name": "PHA",
        "f1": 0.9824561403508771
    },
    "worst_class": {
        "name": "BA",
        "f1": 0.8050314465408805
    },
    "class_f1_scores": {
        "BA": 0.8050314465408805,
        "BHA": 0.8795180722891566,
        "CHA": 0.9634146341463414,
        "CHHA": 0.9710982658959537,
        "DA": 0.9575757575757575,
        "DAA": 0.935672514619883,
        "DHA": 0.9642857142857143,
        "DHAA": 0.9146341463414634,
        "D_SHA": 0.9411764705882353,
        "GA": 0.935672514619883,
        "GHA": 0.9704142011834319,
        "GYA": 0.9378531073446328,
        "HA": 0.9230769230769231,
        "JA": 0.9651162790697675,
        "JHA": 0.9820359281437125,
        "KA": 0.9693251533742331,
        "KHA": 0.925,
        "KSHA": 0.9161290322580645,
        "LA": 0.9685534591194969,
        "MA": 0.8522727272727273,
        "M_SHA": 0.9390243902439024,
        "NA": 0.9433962264150944,
        "NAA": 0.8901734104046243,
        "NGA": 0.9629629629629629,
        "PA": 0.9753086419753086,
        "PHA": 0.9824561403508771,
        "RA": 0.9202453987730062,
        "TA": 0.9248554913294798,
        "TAA": 0.8758169934640523,
        "THA": 0.9404761904761905,
        "THAA": 0.8709677419354839,
        "TRA": 0.9017341040462428,
        "T_SHA": 0.9575757575757575,
        "WA": 0.9761904761904762,
        "YA": 0.968944099378882,
        "YAN": 0.963855421686747
    },
    "per_class_ap": {
        "BA": 0.8647019878177803,
        "BHA": 0.9561327602867269,
        "CHA": 0.9902025982670217,
        "CHHA": 0.9989970289334178,
        "DA": 0.9926036901702027,
        "DAA": 0.9819763548807433,
        "DHA": 0.9941041398679433,
        "DHAA": 0.9811877577182505,
        "D_SHA": 0.9857694688508731,
        "GA": 0.9616707447115654,
        "GHA": 0.9964520313554546,
        "GYA": 0.9966687136968491,
        "HA": 0.979203058198552,
        "JA": 0.9957061249551363,
        "JHA": 0.9978735923380784,
        "KA": 0.9871675574222487,
        "KHA": 0.9790091605755191,
        "KSHA": 0.9786671419275741,
        "LA": 0.9934070403211663,
        "MA": 0.9296669176318507,
        "M_SHA": 0.9933963666052503,
        "NA": 0.9857605884644892,
        "NAA": 0.9572461556304048,
        "NGA": 0.9851256849709343,
        "PA": 0.9917778661319736,
        "PHA": 0.995482343491374,
        "RA": 0.9474807876001528,
        "TA": 0.9956603353513561,
        "TAA": 0.9291214803418484,
        "THA": 0.9860839411271639,
        "THAA": 0.9649433324230481,
        "TRA": 0.9546324561531683,
        "T_SHA": 0.9947796801147405,
        "WA": 0.9939166774195368,
        "YA": 0.9863187325424346,
        "YAN": 0.9895248365240155
    }
}