{
    "accuracy": 0.8136272545090181,
    "macro_precision": 0.8235300357906873,
    "macro_recall": 0.8138444203259019,
    "macro_f1": 0.8142596174714772,
    "weighted_f1": 0.814096523625006,
    "num_classes": 36,
    "total_samples": 2994,
    "samples_per_class": 83.16666666666667,
    "ckpt_epoch": 20,
    "ckpt_val_acc": "82.80%",
    "mean_ap": 0.8830823599222557,
    "mean_auc": 0.9934165864143567,
    "top_1_acc": 0.8136272545090181,
    "top_3_acc": 0.9532398129592519,
    "top_5_acc": 0.978623914495658,
    "best_class": {
        "name": "PHA",
        "f1": 0.9700598802395209
    },
    "worst_class": {
        "name": "MA",
        "f1": 0.6455026455026455
    },
    "class_f1_scores": {
        "BA": 0.6891891891891891,
        "BHA": 0.7127659574468085,
        "CHA": 0.7604166666666666,
        "CHHA": 0.8658536585365854,
        "DA": 0.8484848484848485,
        "DAA": 0.8181818181818182,
        "DHA": 0.8571428571428571,
        "DHAA": 0.75,
        "D_SHA": 0.8888888888888888,
        "GA": 0.8125,
        "GHA": 0.8152866242038217,
        "GYA": 0.65,
        "HA": 0.7932960893854749,
        "JA": 0.8295454545454546,
        "JHA": 0.7870967741935484,
        "KA": 0.775,
        "KHA": 0.6666666666666666,
        "KSHA": 0.7777777777777778,
        "LA": 0.8108108108108109,
        "MA": 0.6455026455026455,
        "M_SHA": 0.8378378378378378,
        "NA": 0.8356164383561644,
        "NAA": 0.7380952380952381,
        "NGA": 0.868421052631579,
        "PA": 0.88268156424581,
        "PHA": 0.9700598802395209,
        "RA": 0.7848101265822784,
        "TA": 0.9125,
        "TAA": 0.806282722513089,
        "THA": 0.9518072289156626,
        "THAA": 0.8607594936708861,
        "TRA": 0.8674698795180723,
        "T_SHA": 0.8539325842696629,
        "WA": 0.9540229885057471,
        "YA": 0.8554216867469879,
        "YAN": 0.7792207792207793
    },
    "per_class_ap": {
        "BA": 0.7880385342088145,
        "BHA": 0.8394737973324156,
        "CHA": 0.8251054163419862,
        "CHHA": 0.9320126333780885,
        "DA": 0.926629297561189,
        "DAA": 0.8700136732931244,
        "DHA": 0.9170670778021847,
        "DHAA": 0.8133225895311763,
        "D_SHA": 0.9473295751697135,
        "GA": 0.7983170075205274,
        "GHA": 0.8824986314100112,
        "GYA": 0.7424753241609403,
        "HA": 0.8438924233504892,
        "JA": 0.859986038662178,
        "JHA": 0.9345549508929027,
        "KA": 0.8072466663001154,
        "KHA": 0.7539722486578747,
        "KSHA": 0.892047783365706,
        "LA": 0.9259366265918725,
        "MA": 0.7732443777280706,
        "M_SHA": 0.9034803477276002,
        "NA": 0.8741579353699293,
        "NAA": 0.8319587808001334,
        "NGA": 0.9367406948116075,
        "PA": 0.9722012665815988,
        "PHA": 0.9877554983218143,
        "RA": 0.891697644101693,
        "TA": 0.9623145865970969,
        "TAA": 0.925319585464208,
        "THA": 0.9679100753858029,
        "THAA": 0.9019078233647025,
        "TRA": 0.9388485662296933,
        "T_SHA": 0.935031795544797,
        "WA": 0.9786240031145247,
        "YA": 0.9139356734472461,
        "YAN": 0.7959160070793745
    },
    "per_class_auc": {
        "BA": 0.9824619538537065,
        "BHA": 0.9921821305841925,
        "CHA": 0.9943339878906889,
        "CHHA": 0.9968253968253968,
        "DA": 0.9956553755522828,
        "DAA": 0.9847283586974308,
        "DHA": 0.9949844542628048,
        "DHAA": 0.9865897561773851,
        "D_SHA": 0.9972741022123739,
        "GA": 0.9941386632083508,
        "GHA": 0.9955081001472754,
        "GYA": 0.9888357061037474,
        "HA": 0.993941253477336,
        "JA": 0.9925544100801833,
        "JHA": 0.99762313860252,
        "KA": 0.9932105122630354,
        "KHA": 0.9853133693339878,
        "KSHA": 0.9965574548907883,
        "LA": 0.997325738600484,
        "MA": 0.9901284568810342,
        "M_SHA": 0.9950171821305842,
        "NA": 0.9927316033277814,
        "NAA": 0.976926853215513,
        "NGA": 0.996817214858452,
        "PA": 0.9992668031345225,
        "PHA": 0.999378170512191,
        "RA": 0.9907911962035674,
        "TA": 0.9985558828342334,
        "TAA": 0.9968908525609557,
        "THA": 0.995589919816724,
        "THAA": 0.9935853379152348,
        "TRA": 0.9978767795778105,
        "T_SHA": 0.9958558337424317,
        "WA": 0.999136802487318,
        "YA": 0.9943209028916776,
        "YAN": 0.9900834560628375
    }
}