{
  "accuracy": 0.6482965931863728,
  "balanced_accuracy": 0.6475725063688027,
  "macro_precision": 0.668460372344349,
  "macro_recall": 0.6475725063688027,
  "macro_f1": 0.6446978873757049,
  "weighted_f1": 0.6449339247890465,
  "mean_ap": 0.7477273937690927,
  "mean_auc": 0.9830064064885149,
  "best_class": "TRA",
  "worst_class": "D_SHA",
  "best_class_f1": 0.8786127167630058,
  "worst_class_f1": 0.3119266055045872,
  "num_classes": 36,
  "total_samples": 2994,
  "top_k": {
    "1": 0.6482965931863728,
    "3": 0.8774215096860387,
    "5": 0.9435537742150969
  },
  "per_class_ap": {
    "BA": 0.39069701804432755,
    "BHA": 0.4979896951129694,
    "CHA": 0.7465019984661934,
    "CHHA": 0.4940450661127822,
    "DA": 0.7124530677731501,
    "DAA": 0.7486478650247638,
    "DHA": 0.8163292560944455,
    "DHAA": 0.7415233105003337,
    "D_SHA": 0.39670662286578384,
    "GA": 0.81744553597642,
    "GHA": 0.9833727783973959,
    "GYA": 0.8789373051121978,
    "HA": 0.7888175873459115,
    "JA": 0.7289137446316571,
    "JHA": 0.7497773018511341,
    "KA": 0.7879287256756787,
    "KHA": 0.728965932931145,
    "KSHA": 0.8768579242339382,
    "LA": 0.7200677646532752,
    "MA": 0.3770891771470545,
    "M_SHA": 0.6576903533621625,
    "NA": 0.7268245197731653,
    "NAA": 0.7281930948711928,
    "NGA": 0.806776185920008,
    "PA": 0.9043896858143912,
    "PHA": 0.7014649784494538,
    "RA": 0.6772777336310412,
    "TA": 0.9018791464107703,
    "TAA": 0.8455409180444139,
    "THA": 0.9410086378558827,
    "THAA": 0.8955136802697605,
    "TRA": 0.9232223549403854,
    "T_SHA": 0.6864671255007715,
    "WA": 0.9100438542731697,
    "YA": 0.722464835977532,
    "YAN": 0.9063613926426776
  },
  "per_class_auc": {
    "BA": 0.9597979054164621,
    "BHA": 0.9641548028145966,
    "CHA": 0.9799337260677468,
    "CHHA": 0.964216167566683,
    "DA": 0.9834069710358371,
    "DAA": 0.9829160530191459,
    "DHA": 0.9912657502863689,
    "DHAA": 0.9793773523154966,
    "D_SHA": 0.9580607435545707,
    "GA": 0.9929604624649826,
    "GHA": 0.99944362624775,
    "GYA": 0.9932580592374407,
    "HA": 0.9906071019473082,
    "JA": 0.9799869088528882,
    "JHA": 0.9816642120765833,
    "KA": 0.9871203163341852,
    "KHA": 0.977119129438717,
    "KSHA": 0.9957220991171609,
    "LA": 0.9830347569219294,
    "MA": 0.961953853706431,
    "M_SHA": 0.9705449189985272,
    "NA": 0.9849927739846495,
    "NAA": 0.9751759122893143,
    "NGA": 0.9855670103092784,
    "PA": 0.9932359410560577,
    "PHA": 0.9805719194894453,
    "RA": 0.9791605301914581,
    "TA": 0.9914743904434626,
    "TAA": 0.9934053346424481,
    "THA": 0.9935567010309279,
    "THAA": 0.9955940108001964,
    "TRA": 0.9888766159384716,
    "T_SHA": 0.9724472263132057,
    "WA": 0.993912616593029,
    "YA": 0.9877729886884252,
    "YAN": 0.9959417443953527
  }
}