{
    "accuracy": 0.6469605878423513,
    "macro_precision": 0.7101328190934413,
    "macro_recall": 0.647130647130647,
    "macro_f1": 0.6581290793916635,
    "weighted_f1": 0.6576845298471072,
    "num_classes": 36,
    "total_samples": 2994,
    "samples_per_class": 83.16666666666667,
    "mean_ap": 0.7306737014973634,
    "mean_auc": 0.9685019103393725,
    "top_1_acc": 0.6469605878423513,
    "top_3_acc": 0.8510354041416166,
    "top_5_acc": 0.9144956579826319,
    "best_class": {
        "name": "PHA",
        "f1": 0.8205128205128205
    },
    "worst_class": {
        "name": "TA",
        "f1": 0.40793201133144474
    },
    "class_f1_scores": {
        "BA": 0.7702702702702703,
        "BHA": 0.6274509803921569,
        "CHA": 0.6226415094339622,
        "CHHA": 0.7142857142857143,
        "DA": 0.6428571428571429,
        "DAA": 0.7530864197530864,
        "DHA": 0.726027397260274,
        "DHAA": 0.5158730158730159,
        "D_SHA": 0.6771653543307087,
        "GA": 0.7105263157894737,
        "GHA": 0.6323529411764706,
        "GYA": 0.6967741935483871,
        "HA": 0.7482014388489209,
        "JA": 0.6013071895424836,
        "JHA": 0.6463414634146342,
        "KA": 0.6480446927374302,
        "KHA": 0.460431654676259,
        "KSHA": 0.7361963190184049,
        "LA": 0.7651006711409396,
        "MA": 0.6176470588235294,
        "M_SHA": 0.6373626373626373,
        "NA": 0.8,
        "NAA": 0.7017543859649122,
        "NGA": 0.6106870229007634,
        "PA": 0.6745562130177515,
        "PHA": 0.8205128205128205,
        "RA": 0.6944444444444444,
        "TA": 0.40793201133144474,
        "TAA": 0.6993865030674846,
        "THA": 0.6153846153846154,
        "THAA": 0.6081081081081081,
        "TRA": 0.6195652173913043,
        "T_SHA": 0.7127659574468085,
        "WA": 0.6533333333333333,
        "YA": 0.6,
        "YAN": 0.5242718446601942
    },
    "per_class_ap": {
        "BA": 0.8470708096289195,
        "BHA": 0.7086789384523664,
        "CHA": 0.6737824462513812,
        "CHHA": 0.7798141861449568,
        "DA": 0.7235668871942629,
        "DAA": 0.8370619131967775,
        "DHA": 0.8236887012941986,
        "DHAA": 0.6571627539724414,
        "D_SHA": 0.7185534190895011,
        "GA": 0.6989987224891148,
        "GHA": 0.7235406572798411,
        "GYA": 0.8022264696357402,
        "HA": 0.834491645045046,
        "JA": 0.5802037426905036,
        "JHA": 0.7067084493085247,
        "KA": 0.6722986264992232,
        "KHA": 0.5996624395399353,
        "KSHA": 0.7855178000496902,
        "LA": 0.779314622808899,
        "MA": 0.7227093558173718,
        "M_SHA": 0.7324992799788114,
        "NA": 0.8365223191915114,
        "NAA": 0.7708750024681124,
        "NGA": 0.7372775724810703,
        "PA": 0.7886408749585757,
        "PHA": 0.9022921860109768,
        "RA": 0.7714750640098142,
        "TA": 0.4732105911830129,
        "TAA": 0.7389571665993728,
        "THA": 0.6429787300349644,
        "THAA": 0.7062037607798671,
        "TRA": 0.7071645713019651,
        "T_SHA": 0.7811511684146086,
        "WA": 0.7009559093991931,
        "YA": 0.7101709201796015,
        "YAN": 0.6288255505249307
    },
    "per_class_auc": {
        "BA": 0.9554491899852724,
        "BHA": 0.9646211749304532,
        "CHA": 0.9885779741449844,
        "CHHA": 0.9837792505318279,
        "DA": 0.9778800523645885,
        "DAA": 0.9560996563573883,
        "DHA": 0.9665971199476354,
        "DHAA": 0.975670921289478,
        "D_SHA": 0.9532948190355598,
        "GA": 0.9605429894936703,
        "GHA": 0.9588528882343315,
        "GYA": 0.9814105711012928,
        "HA": 0.9635125184094256,
        "JA": 0.9566355751922762,
        "JHA": 0.9838078874161349,
        "KA": 0.9658957504248726,
        "KHA": 0.9709867452135494,
        "KSHA": 0.9554007949069677,
        "LA": 0.9616025225362678,
        "MA": 0.9513582065128457,
        "M_SHA": 0.9809401080019637,
        "NA": 0.982877946031625,
        "NAA": 0.970561282932417,
        "NGA": 0.9758018327605956,
        "PA": 0.9673875729488499,
        "PHA": 0.9816069383079692,
        "RA": 0.9662207494681722,
        "TA": 0.9687080674194077,
        "TAA": 0.972259041073474,
        "THA": 0.9777164130256913,
        "THAA": 0.9585092456226477,
        "TRA": 0.9754663721158566,
        "T_SHA": 0.970225822287678,
        "WA": 0.950143184421535,
        "YA": 0.9675486219713247,
        "YAN": 0.9681189657993783
    }
}