{
    "accuracy": 0.8777555110220441,
    "macro_precision": 0.8794624229443228,
    "macro_recall": 0.877981843259621,
    "macro_f1": 0.8768602943479757,
    "weighted_f1": 0.8767654617192414,
    "num_classes": 36,
    "total_samples": 2994,
    "samples_per_class": 83.16666666666667,
    "mean_ap": 0.9411189869834996,
    "mean_auc": 0.9960617491056877,
    "top_1_acc": 0.8777555110220441,
    "top_3_acc": 0.9769539078156313,
    "top_5_acc": 0.9916499665998664,
    "best_class": {
        "name": "GA",
        "f1": 0.9629629629629629
    },
    "worst_class": {
        "name": "BHA",
        "f1": 0.7152317880794702
    },
    "class_f1_scores": {
        "BA": 0.8588957055214724,
        "BHA": 0.7152317880794702,
        "CHA": 0.8982035928143712,
        "CHHA": 0.9318181818181818,
        "DA": 0.9069767441860465,
        "DAA": 0.8518518518518519,
        "DHA": 0.9364161849710982,
        "DHAA": 0.9024390243902439,
        "D_SHA": 0.8674698795180723,
        "GA": 0.9629629629629629,
        "GHA": 0.9195402298850575,
        "GYA": 0.9479768786127167,
        "HA": 0.8862275449101796,
        "JA": 0.9047619047619048,
        "JHA": 0.8953488372093024,
        "KA": 0.9212121212121213,
        "KHA": 0.9523809523809523,
        "KSHA": 0.8366013071895425,
        "LA": 0.9028571428571428,
        "MA": 0.8369565217391305,
        "M_SHA": 0.8571428571428571,
        "NA": 0.926829268292683,
        "NAA": 0.8333333333333334,
        "NGA": 0.9349112426035503,
        "PA": 0.8662420382165605,
        "PHA": 0.9341317365269461,
        "RA": 0.7712418300653595,
        "TA": 0.8658536585365854,
        "TAA": 0.7955801104972375,
        "THA": 0.8333333333333334,
        "THAA": 0.8343558282208589,
        "TRA": 0.8074534161490683,
        "T_SHA": 0.8444444444444444,
        "WA": 0.8441558441558441,
        "YA": 0.875,
        "YAN": 0.906832298136646
    },
    "per_class_ap": {
        "BA": 0.9199672801147899,
        "BHA": 0.8220802741050398,
        "CHA": 0.9371376742772767,
        "CHHA": 0.981519326999563,
        "DA": 0.948651256072091,
        "DAA": 0.8746925555105122,
        "DHA": 0.985045889963403,
        "DHAA": 0.9662597920087189,
        "D_SHA": 0.9537291969221048,
        "GA": 0.9810097873886022,
        "GHA": 0.9900251178124077,
        "GYA": 0.985958444775459,
        "HA": 0.9608645327966994,
        "JA": 0.9834232514941423,
        "JHA": 0.9287780776249347,
        "KA": 0.9790256627852383,
        "KHA": 0.9705091814442883,
        "KSHA": 0.888888330122314,
        "LA": 0.9838771220677287,
        "MA": 0.9411035184228718,
        "M_SHA": 0.936457976698552,
        "NA": 0.9771121880894795,
        "NAA": 0.9013713426794379,
        "NGA": 0.9770330846139073,
        "PA": 0.9342686265170275,
        "PHA": 0.9688781712663502,
        "RA": 0.8801043736362666,
        "TA": 0.9459917602701039,
        "TAA": 0.8495589216203984,
        "THA": 0.8897012376775527,
        "THAA": 0.8982253475545786,
        "TRA": 0.9089988106454426,
        "T_SHA": 0.9548653177067381,
        "WA": 0.9464832915825988,
        "YA": 0.9619702787210311,
        "YAN": 0.9667165294183357
    },
    "per_class_auc": {
        "BA": 0.9900057273768614,
        "BHA": 0.9908280150548192,
        "CHA": 0.9938307969235803,
        "CHHA": 0.9969767632138765,
        "DA": 0.9922844051710031,
        "DAA": 0.9867247586319752,
        "DHA": 0.9995540828015055,
        "DHAA": 0.9986131566028473,
        "D_SHA": 0.9977972987232246,
        "GA": 0.9985802257229195,
        "GHA": 0.9996809032891507,
        "GYA": 0.9996522664048437,
        "HA": 0.9989322533136966,
        "JA": 0.9994886270659467,
        "JHA": 0.9965349369988545,
        "KA": 0.9994193758926566,
        "KHA": 0.9978072328587793,
        "KSHA": 0.9946581196581197,
        "LA": 0.9991481354337516,
        "MA": 0.9961585665193913,
        "M_SHA": 0.9888316151202748,
        "NA": 0.9989955626756176,
        "NAA": 0.9907052855506464,
        "NGA": 0.998265423007691,
        "PA": 0.9974105012438917,
        "PHA": 0.9969931271477663,
        "RA": 0.9948085419734904,
        "TA": 0.9970872197676321,
        "TAA": 0.9924889543446244,
        "THA": 0.9911675666830306,
        "THAA": 0.9943544428080511,
        "TRA": 0.9964776632302405,
        "T_SHA": 0.9984863361152021,
        "WA": 0.9979995090819833,
        "YA": 0.9988133229922909,
        "YAN": 0.9986622484045165
    }
}