filename,true_label,predicted_label,correct,confidence,prob_BA,prob_BHA,prob_CHA,prob_CHHA,prob_DA,prob_DAA,prob_DHA,prob_DHAA,prob_D_SHA,prob_GA,prob_GHA,prob_GYA,prob_HA,prob_JA,prob_JHA,prob_KA,prob_KHA,prob_KSHA,prob_LA,prob_MA,prob_M_SHA,prob_NA,prob_NAA,prob_NGA,prob_PA,prob_PHA,prob_RA,prob_TA,prob_TAA,prob_THA,prob_THAA,prob_TRA,prob_T_SHA,prob_WA,prob_YA,prob_YAN
LA_7_aug_08.npz,LA,CHA,False,0.93191254,0.00042302452,0.0005406819,0.93191254,0.00013324634,0.0010373283,0.00040675,0.004742743,0.0006305756,0.00018106558,0.00020595365,0.0061879884,5.701634e-05,0.0012284697,0.00021811038,0.00032496895,0.00020388003,0.0006620764,0.00037238462,0.029281465,0.0008640776,0.000215681,0.0028788238,0.009566154,0.0012700532,0.0003883417,7.613014e-05,0.0010828787,0.00049416505,0.00027915163,0.00045927244,0.00076508947,0.00079430646,0.0004344544,0.0005046887,0.0011248103,5.1565905e-05
MA_8_aug_09.npz,MA,BA,False,0.9195328,0.9195328,0.0051372764,0.0008641651,0.017613502,0.0017056566,0.00046462155,0.001176907,0.00044240776,0.0018981178,0.0008509435,0.0006449822,0.0007183158,0.0025025294,0.0008821913,0.0013964172,0.0011779878,0.002257515,0.0013024167,0.0005605881,0.009382333,0.00041077108,0.00072957337,0.0001752889,0.0016952059,0.0018301895,0.00076160545,0.0002675708,0.0007562409,0.0012809235,0.00075304194,0.0009426473,0.0009791432,0.017158167,0.00038543978,0.00045042456,0.0009119536
HA_24_aug_19.npz,HA,LA,False,0.8978668,0.00145968,0.0009998155,0.013782686,0.0040572085,0.0015898214,0.0013440279,0.00033434035,0.0035129678,0.00020018063,0.0006406384,0.0058551724,0.00019475825,0.049285978,0.00020240241,0.0007106677,0.0008064679,0.00095066836,0.000674575,0.8978668,0.001935203,0.000716079,0.00083713967,0.0013554817,0.0005850294,0.0028271256,6.815982e-05,0.00041929336,0.00026800594,0.00068246224,0.0005118758,0.001702972,0.0012178412,0.00017566004,0.0008756957,0.0005958903,0.00075727387
THA_20_aug_11.npz,THA,JHA,False,0.8965462,0.00068424013,0.0007231046,0.00065923744,0.0010930857,0.0016866629,0.0001106943,0.0005282139,0.0005460425,0.001183758,0.021460831,0.0014990822,0.0021013464,0.0012540086,0.00034180182,0.8965462,0.00021639148,0.0032930984,0.0009431165,0.00012248466,0.0011263953,0.0011536994,0.03499236,0.00151461,0.0014046392,0.00018845042,0.0010214043,0.00010171897,0.00429526,0.0061989217,0.010898773,0.00035505666,0.00024241192,0.00051510835,0.0005170189,0.00013253454,0.00034833854
D_SHA_22_aug_01.npz,D_SHA,GYA,False,0.89345527,0.0016961244,0.00039644167,0.00027106152,0.00084814476,0.00087262935,0.0009286141,0.00039851686,0.047309272,0.018965682,0.0035671298,0.0004800995,0.89345527,0.0037253974,0.00042376775,0.00066289026,0.0006518689,0.0010158473,0.00018151844,0.00028706514,0.00010139217,0.0108367605,0.0007505924,0.0016031623,0.0012224105,0.00019955834,0.00086350896,0.00032483376,0.00095609896,0.0004589542,0.00051485846,0.00061932026,0.0023412802,0.0014277762,0.0005407627,0.0006846045,0.00041673318
THA_8_aug_17.npz,THA,JHA,False,0.89326495,0.0011144886,0.0009199916,0.00093003194,0.0009786655,0.011312578,0.00019176603,0.00041542243,0.00039589067,0.0005510803,0.0036738024,0.0016087074,0.00068420544,0.0019338522,0.00018615712,0.89326495,0.0003209889,0.0029572041,0.00093823223,0.00044077955,0.0007697641,0.0026100369,0.0051685045,0.001369224,0.00047021057,0.0005234274,0.0010981307,0.00023175364,0.0018684926,0.03374004,0.025845401,0.0015139475,0.00017708975,0.00084264076,0.0003293247,8.024872e-05,0.00054301904
MA_8_aug_10.npz,MA,CHHA,False,0.8917277,0.025967367,0.0021069543,0.0008845047,0.8917277,0.0004279021,0.001181622,0.000618052,0.00057772704,0.00015040823,0.0008096431,0.0008983492,0.0004972108,0.006008219,0.0002938684,0.0007937285,0.000553302,0.000398826,0.0009888922,0.00910733,0.038933363,0.00065542205,0.002486798,0.0005124921,0.001169883,0.0035347303,0.0011728645,0.000111597634,0.00031073662,0.0016035828,0.0003038505,0.0021552446,0.0015665919,0.00018437402,0.00036628603,0.0002721955,0.0006684036
KSHA_8_aug_08.npz,KSHA,TRA,False,0.89039755,0.0022346529,0.00058436306,0.0006709331,0.0023813325,0.00045278957,0.0048113847,0.00039480205,0.00015759471,0.015332831,0.00048220097,0.0017696492,0.0014564209,0.0008356852,0.00042840667,0.0005636998,0.00033420313,0.00032700383,0.033203162,0.0011626808,0.00155863,0.024850003,0.00031560182,0.00066151115,0.0018084253,0.0009880557,0.00083232,0.0005290187,0.00025504612,0.0015965638,0.0007155169,0.0008903462,0.89039755,0.0017302585,0.0038491795,0.00041029043,0.0010278672
WA_15_aug_20.npz,WA,DAA,False,0.8875519,0.0004970448,0.00048893277,0.00055052276,0.00128535,0.00019543085,0.8875519,0.0008140246,0.0010058086,0.0018137399,0.0022699647,0.0012202308,0.0009973809,0.0013391833,0.0012690941,0.00032611797,0.0015749563,0.00070876273,0.02870907,0.00107217,0.0010797752,0.0009988397,0.00056340656,0.000722293,0.0008099186,0.0050814548,0.0006074769,0.001097712,0.00086421764,0.0011727499,0.0019259043,0.007514055,0.022461982,0.0005484366,0.008049301,0.012070158,0.0007427405
DHAA_13_aug_02.npz,DHAA,HA,False,0.8875084,0.004160203,0.0007954568,0.002472921,0.003380975,0.0021837275,0.0032905901,0.0007393082,0.035166424,0.0007301109,0.0006237363,0.00084431446,0.0008509791,0.8875084,0.0003309642,0.003177885,0.00086291647,0.0015814917,0.0006173288,0.028735435,0.0012414182,0.00033028706,0.002846802,0.0021335229,0.0004293329,0.0017876516,0.00049452455,0.00039423734,0.0010783273,0.0020795187,0.0016035427,0.0019208272,0.0014572003,0.0006559563,0.00036067996,0.0011587424,0.0019742637
THA_20_aug_10.npz,THA,JHA,False,0.87978494,0.00077804964,0.0009432519,0.0007497534,0.00076100597,0.004228684,0.00017271526,0.00060306775,0.0005864335,0.0005325367,0.003304055,0.0014055563,0.0010323774,0.0028127378,0.00028286112,0.87978494,0.0002935361,0.0017290643,0.00056016876,0.00019054602,0.0008254779,0.0016809542,0.019179543,0.0012493316,0.00080270966,0.00018696694,0.0018017512,0.00024597516,0.008483812,0.011637153,0.050291114,0.0009911078,0.00013897462,0.00073031214,0.0004374293,0.00015589646,0.0004101639
DAA_26_aug_05.npz,DAA,TRA,False,0.8793105,0.0010434921,0.00048167675,0.00057642447,0.0019685724,0.00020420164,0.01910697,0.0008503243,0.0002116909,0.0070606726,0.0009493148,0.0015233934,0.0009090515,0.0011745951,0.0005690744,0.00030490427,0.00048652076,0.00049576536,0.049400475,0.0011219432,0.001667138,0.006522452,0.00041984612,0.0004844154,0.0018122266,0.00091706886,0.0008535237,0.00089525495,0.0003452065,0.000780185,0.0005569213,0.00073158176,0.8793105,0.0013291913,0.0128515195,0.0011162553,0.0009677296
RA_9_aug_13.npz,RA,T_SHA,False,0.8730119,0.02074848,0.0038169099,0.0015258034,0.00074192486,0.0046121585,0.0005056647,0.0037936247,0.0013266376,0.015304274,0.0006944666,0.0030710872,0.0028109688,0.0014182759,0.0014578358,0.0011202102,0.0016828104,0.0015389,0.00087058364,0.0005104098,0.0010552695,0.0017739306,0.00070649857,0.0009770236,0.0021851403,0.0010915636,0.00088590046,0.013393148,0.0016154471,0.0009311073,0.0010794912,0.0004380458,0.0029395234,0.8730119,0.027518468,0.0012510022,0.0015955283
YAN_9_aug_13.npz,YAN,PHA,False,0.8718109,0.00065661606,0.0010051909,0.0005374671,0.0019422802,0.00066289504,0.00047552775,0.009075507,0.0019142599,0.00022138952,0.00023269473,0.00048034315,0.0012337686,0.0007136706,0.0015873738,0.00090409734,0.0037051819,0.00023106296,0.006112484,0.00062450423,0.0022686257,0.02540111,0.0044609793,0.003473123,0.0005223221,0.00306022,0.8718109,0.00031903948,0.00085981155,0.0009265919,0.0008297647,0.0005056475,0.0016960849,0.00051453646,0.0004003125,0.00020263501,0.05043204
YA_26_aug_11.npz,YA,WA,False,0.87108684,0.00031121168,0.00030248566,0.0013924608,0.00067248335,0.00043731456,0.013455723,0.0019797399,0.0006805781,0.011738382,0.0015508363,0.001200291,0.002053441,0.0011651089,0.00075512595,0.00021963098,0.00040728724,0.001365741,0.0015854473,0.0021100265,0.0004996193,0.0010910732,0.0001699543,0.0007294904,0.0011932272,0.00033384078,0.00021569681,0.0049903165,0.0005952965,0.00052230904,0.0013791884,0.0006625972,0.024853902,0.0057936814,0.87108684,0.04234673,0.00015294203
MA_6_aug_16.npz,MA,BA,False,0.8654556,0.8654556,0.0039285724,0.0010920416,0.062675044,0.0018664742,0.0008971468,0.0016302647,0.00064511126,0.0021055676,0.0013816197,0.00069141,0.00089334755,0.0053954734,0.00091102946,0.0021793747,0.0014293601,0.0026855103,0.0021532574,0.0010678438,0.015668312,0.00041686822,0.0012945882,0.0002467342,0.001976332,0.0027893095,0.0010986136,0.00021086512,0.0008285431,0.0019526085,0.0009562601,0.0015729232,0.0015287843,0.008022846,0.0003877852,0.00066403404,0.0013003654
BA_15_aug_02.npz,BA,T_SHA,False,0.8606543,0.048195112,0.006129086,0.0019301773,0.0008179447,0.0051002707,0.00043216426,0.0030312208,0.0014364833,0.010066056,0.00068886916,0.0036881675,0.002593385,0.0012933185,0.001760838,0.0010191998,0.001870835,0.00177368,0.000934422,0.00046707672,0.001410481,0.0016971288,0.00077224255,0.0010103367,0.0024995583,0.001577997,0.000937446,0.0133035695,0.002129312,0.0011763496,0.0011493998,0.00056742836,0.002102573,0.8606543,0.012778473,0.0010796041,0.001925402
LA_7_aug_19.npz,LA,CHA,False,0.8604817,0.0005846692,0.0007961448,0.8604817,0.00022635283,0.0012854163,0.0007187714,0.0033100115,0.00085443817,0.00026424942,0.00031712113,0.017268885,7.811198e-05,0.0022220395,0.0002325233,0.00041147153,0.0002838524,0.00089247955,0.0005177586,0.08587306,0.0010659947,0.00033286406,0.003086231,0.008307203,0.0016107073,0.00067965785,8.427849e-05,0.0015266356,0.00057207036,0.00037701897,0.0004999215,0.0014331018,0.0011804828,0.00058789336,0.00068507175,0.0012529095,9.890227e-05
MA_8_aug_14.npz,MA,CHHA,False,0.85929894,0.06154028,0.0015031706,0.00079668046,0.85929894,0.00045114884,0.00082640845,0.0007375085,0.0006130687,0.00020495502,0.0008007129,0.000552567,0.00053991866,0.0064645074,0.0004129747,0.00087865285,0.000872021,0.0005159492,0.0010461537,0.0047061834,0.039589375,0.00039088982,0.0022190257,0.0003110087,0.0012066526,0.0045728097,0.0012527186,7.39667e-05,0.00034043248,0.00154401,0.0004068716,0.002297282,0.0013200039,0.00033259872,0.00019059343,0.00028030976,0.0009095992
DHAA_13_aug_12.npz,DHAA,HA,False,0.85585886,0.0032424924,0.00067265565,0.0014016366,0.0012971626,0.0022320037,0.0026647544,0.0006783666,0.095454395,0.0009333753,0.00060296577,0.00051122165,0.0015553213,0.85585886,0.0002419386,0.0024016548,0.0009215791,0.0012289127,0.00051727344,0.007657162,0.0006512903,0.00030834333,0.0029398387,0.0027253975,0.00034389552,0.0010727572,0.0005683435,0.0005323078,0.0012407933,0.0020614173,0.0010545435,0.0014261369,0.0012490894,0.00073253707,0.00021948235,0.0010079189,0.001792106
BA_15_aug_04.npz,BA,T_SHA,False,0.8550609,0.029603155,0.0037271932,0.0019374973,0.0010668321,0.005277451,0.00062743074,0.0042508477,0.0017581766,0.02162846,0.001019178,0.0035615459,0.0037472784,0.0019174695,0.0019001886,0.0015782356,0.002092639,0.002015607,0.0011236621,0.0005976227,0.0011995242,0.0019800947,0.0009418577,0.0011869788,0.002513257,0.0013986253,0.0011362202,0.010875167,0.0020572906,0.0011994875,0.0014488887,0.0005917986,0.0035674267,0.8550609,0.021975089,0.0013282906,0.0021087176
THAA_8_aug_06.npz,THAA,TAA,False,0.8531352,0.00058913697,0.00053579547,0.0008162062,0.0012798535,0.063435666,0.00079323404,0.000241915,0.0008472758,0.00072368194,0.0005814166,0.0016596966,0.00027211764,0.0012365681,0.00017035168,0.012457349,0.00040546068,0.00082975806,0.0013444042,0.000990871,0.00063174195,0.001132193,0.00023075458,0.0013917442,0.00048430066,0.014385033,0.00050257705,0.00061024074,0.0005372642,0.8531352,0.01507571,0.020538796,0.00031437963,0.0003357994,0.00026492777,0.00013824369,0.0010803276
RA_23_aug_15.npz,RA,T_SHA,False,0.85212374,0.03834692,0.012875338,0.0017832728,0.0004948042,0.0051617757,0.0003343,0.00252894,0.0010019628,0.0036170816,0.000352628,0.00387155,0.0016740671,0.00080976525,0.0014234455,0.0005553858,0.0016093513,0.0013414581,0.00066673825,0.00047645904,0.0017351141,0.0018679335,0.0005408639,0.000894333,0.0028313305,0.0014431538,0.0006878906,0.03285038,0.001894438,0.0010671659,0.0008093738,0.00046969493,0.0013943342,0.85212374,0.01783172,0.0012966132,0.0013365773
D_SHA_21_aug_04.npz,D_SHA,TRA,False,0.8493269,0.0025191281,0.00047238878,0.00071534683,0.0028013038,0.0007687429,0.004920177,0.00037946607,0.00029576506,0.05455737,0.000783859,0.0022288917,0.0038838768,0.0012219779,0.0004424487,0.000670294,0.00047238925,0.0005037345,0.021802379,0.0013327317,0.0011846431,0.027439823,0.00032875242,0.00062421715,0.0021193824,0.0009444609,0.000728783,0.0004976987,0.0002873462,0.0018040916,0.0007616603,0.0009435507,0.8493269,0.0033462623,0.00717819,0.00048204424,0.0012299028
PHA_22_aug_16.npz,PHA,DHA,False,0.8482579,0.00095833256,0.0014768287,0.010476305,0.00081107387,0.00092252035,0.00039397067,0.8482579,0.0016641202,0.00038555206,0.000593364,0.0003511268,0.000957005,0.001120687,0.0101462,0.0009883498,0.0016088159,0.00082341157,0.0012232241,0.0008018949,0.0024283673,0.0019329711,0.0078153,0.027110916,0.003053057,0.0009051842,0.058566056,0.0017997274,0.0013281297,0.00043054429,0.0013094745,0.00028555043,0.0010904234,0.003705379,0.0024595205,0.000594511,0.0012242027
KHA_15_aug_18.npz,KHA,DA,False,0.8444431,0.0010791247,0.0012362648,0.0018287685,0.000735897,0.8444431,0.0007563523,0.00031767625,0.00043316514,0.0021116887,0.00020865093,0.0010051457,0.0003696499,0.0012467204,0.00041958794,0.00071653386,0.010254955,0.007347719,0.0004940742,0.001138184,0.00091826514,0.00030982125,7.1797265e-05,0.0002580784,0.0012194837,0.011713627,0.000345851,0.0026940145,0.0002685442,0.0956322,0.0011152141,0.002684972,0.00044379232,0.0010700593,0.00061633385,0.00032229803,0.00417244
THA_20_aug_16.npz,THA,JHA,False,0.8433687,0.00088533,0.0011017832,0.0009082252,0.000892598,0.005947332,0.00023777678,0.0006654705,0.0007430153,0.00058153714,0.0029135149,0.0016667111,0.0010761649,0.0031686886,0.00033614575,0.8433687,0.0003372529,0.001746421,0.00061708264,0.0002643949,0.0009202429,0.0020110423,0.015642088,0.001376174,0.0008730268,0.00025823378,0.002019001,0.00032848655,0.009890813,0.017785195,0.077463046,0.0016451903,0.00016170571,0.0009105267,0.0005015325,0.0001997119,0.00055593735
KSHA_5_aug_16.npz,KSHA,DAA,False,0.84139603,0.0009959902,0.00095580955,0.000917598,0.0024266108,0.0004254476,0.84139603,0.00072732667,0.0015261663,0.0014514566,0.0017896418,0.002244324,0.0011353475,0.0015164698,0.0017130161,0.000522034,0.0022969255,0.0006279283,0.016932696,0.0016434059,0.001880989,0.000944993,0.0005118056,0.00125807,0.0011504316,0.01907576,0.00069746457,0.0012963731,0.0012244767,0.0047087166,0.007392083,0.05357775,0.0069094384,0.00061462494,0.0039551007,0.012266835,0.0012908161
TRA_9_aug_01.npz,TRA,D_SHA,False,0.8398134,0.0046238173,0.0006033609,0.00044838083,0.0013478642,0.0015004037,0.0023799601,0.0004779266,0.003546377,0.8398134,0.0049376367,0.0019163089,0.05650875,0.0011747489,0.0010210206,0.0012707558,0.0009546269,0.001008653,0.0012633769,0.00031898616,0.00048413148,0.00379164,0.00086885295,0.00083538285,0.0021994878,0.00058562396,0.0003907669,0.00040028433,0.00060322025,0.0012940211,0.0006252559,0.0009359592,0.03357688,0.01991829,0.006884493,0.000584998,0.0009043434
PA_14_aug_06.npz,PA,YAN,False,0.8387477,0.0006638565,0.00079348043,0.0002472362,0.002648744,0.0019643924,0.0018515512,0.0007337903,0.0026276037,0.0006902278,0.0005547205,0.00050648674,0.0006722247,0.0014466706,0.0015154502,0.00073646277,0.035800714,0.0001695668,0.017912919,0.0015473092,0.0019553332,0.0021153083,0.0007562091,0.00075074757,0.00034488493,0.059604686,0.015802646,0.00048369073,0.000543517,0.0017051749,0.0005152439,0.0009717834,0.0013749027,0.00061817036,0.00043520317,0.00019151505,0.8387477
TRA_8_aug_08.npz,TRA,D_SHA,False,0.8383531,0.0021921687,0.00030278816,0.00049333496,0.001353891,0.0019019048,0.001965533,0.0006510819,0.0015681232,0.8383531,0.0028871838,0.0018513465,0.019227913,0.001134784,0.00053145766,0.0010981787,0.0005792837,0.00071524445,0.0011943141,0.00051854824,0.00032576086,0.00362884,0.00038931583,0.0006461976,0.0014963071,0.00047599044,0.0002845894,0.0005002496,0.00035120305,0.0012826256,0.00063649996,0.0006438539,0.042107005,0.03773619,0.029785013,0.00057097233,0.00061915076
THAA_7_aug_08.npz,THAA,PA,False,0.836186,0.00079258124,0.0009942135,0.00047763722,0.0027710355,0.0057072,0.013561034,0.00035874435,0.0012184745,0.0005842089,0.00026491724,0.0010749181,0.00020942233,0.0013869759,0.0006094069,0.00089168927,0.0056919563,9.7529e-05,0.009276989,0.0025539834,0.0030140455,0.000377031,0.00021981541,0.0010759672,0.0004713243,0.836186,0.001977538,0.0007850428,0.0003425334,0.03791968,0.0013122135,0.019676821,0.000700951,0.00045381527,0.00053263456,0.00059235934,0.045839317
M_SHA_9_aug_20.npz,M_SHA,DHAA,False,0.83575606,0.0015163795,0.0011322664,0.0016827062,0.00046616173,0.0015623354,0.0028410081,0.00081388286,0.83575606,0.004906589,0.0016582924,0.0012046519,0.04176366,0.04741707,0.0005982031,0.0011897336,0.0015563082,0.00084278855,0.00072846,0.002125154,0.00036151792,0.0022523112,0.0046054185,0.017463839,0.00060483563,0.0013614078,0.0011968176,0.0016255488,0.0055899755,0.001684613,0.0019313863,0.0027338427,0.0020320476,0.0017023971,0.0005899066,0.002090929,0.0024115702
NGA_13_aug_19.npz,NGA,GHA,False,0.83391446,0.0019626673,0.001220329,0.04138235,0.002558345,0.0011300026,0.0011686384,0.0005059478,0.000744405,0.00066845905,0.002587243,0.83391446,0.00039985502,0.0022163899,0.0006359615,0.0009314422,0.0009323282,0.0012462438,0.0011019482,0.069507554,0.0009198389,0.0012475983,0.0017493506,0.0011437492,0.01606649,0.00075511454,0.00021531037,0.00066953566,0.001038694,0.0005821808,0.0008838175,0.0039363313,0.0014855658,0.001599617,0.001746316,0.00048714678,0.00065888744
RA_23_aug_06.npz,RA,T_SHA,False,0.8317054,0.02043648,0.013037006,0.0016879862,0.00048312702,0.0055328016,0.00045076458,0.0033461468,0.0010653216,0.00399428,0.00036297026,0.0041047903,0.0017888851,0.00091652165,0.0014089348,0.00061435456,0.0017150587,0.0012957325,0.0007393585,0.00063076545,0.0018548345,0.002345455,0.00060785847,0.0010611764,0.0029617876,0.0013361139,0.00079323177,0.04672307,0.0018701926,0.0010336939,0.0008359717,0.0004538024,0.0018190099,0.8317054,0.03783788,0.0018131016,0.001336105
BHA_2_aug_18.npz,BHA,MA,False,0.8316592,0.009990499,0.124920495,0.00026517984,0.007988676,0.00038832315,0.00018504594,0.00046587826,0.00019339328,5.5525274e-05,0.000948543,0.00033965977,7.4089316e-05,0.00049490406,0.0004428854,0.0006933134,0.00033498896,0.000595704,0.00097427354,0.00200743,0.8316592,0.0012946482,0.005552975,0.0007714499,0.00029897684,0.0014313861,0.0018979475,0.0011989428,0.00044663678,0.0005342352,0.00014032087,0.00039262793,0.00095532316,0.00044157586,0.00039078365,0.00024178448,0.0009924988
CHA_6_aug_17.npz,CHA,DHA,False,0.83081883,0.0008629407,0.0013766063,0.007409967,0.0008650963,0.00078292016,0.00030484874,0.83081883,0.0014507428,0.00032127442,0.0005074375,0.00028043342,0.0009844454,0.0009936356,0.010593742,0.00081998593,0.0017547511,0.0007111837,0.000997128,0.00068682875,0.0021847687,0.0019367095,0.006820534,0.022047468,0.0026156753,0.0008379749,0.08787803,0.0016605098,0.0012086901,0.00034975607,0.0010477469,0.00021792554,0.0009295483,0.0035947296,0.0021959778,0.0005126159,0.0014384588
DAA_8_aug_09.npz,DAA,TRA,False,0.83044255,0.003347488,0.0012273396,0.0009963723,0.002994975,0.00084732147,0.006437921,0.0005112279,0.0002925662,0.017036526,0.0007571328,0.0024924648,0.0022164064,0.001054293,0.0006723538,0.0011147545,0.0006086831,0.00048870273,0.05186242,0.0017466395,0.0026906568,0.047599223,0.0005825341,0.0012933948,0.0022411312,0.0017017991,0.0014330702,0.0008652176,0.00042058754,0.0024934644,0.0011307268,0.0013976546,0.83044255,0.0021439863,0.004254066,0.0006342431,0.0019700637
KHA_15_aug_11.npz,KHA,DA,False,0.8295984,0.0023548615,0.0024511612,0.00390346,0.0012919016,0.8295984,0.00078782224,0.000980926,0.00057032984,0.0038934534,0.0017674813,0.00213705,0.0011315931,0.0025441574,0.0009390774,0.0055837967,0.010656989,0.047819126,0.0011020505,0.002139253,0.0018291896,0.0009870972,0.00035616243,0.0005040971,0.0020995976,0.0026554363,0.00059759687,0.0030611828,0.0007371314,0.053709526,0.0031960222,0.0018182774,0.0012261231,0.0020113057,0.001185078,0.00033269095,0.0020406337
THA_19_aug_03.npz,THA,TAA,False,0.8290703,0.0008645168,0.00076691894,0.0011095471,0.001839143,0.048587333,0.0016234637,0.0003350092,0.0012014824,0.0008955462,0.00080848933,0.002502988,0.0004013527,0.0014810662,0.0002623477,0.010654126,0.00058248854,0.0008831393,0.0020760575,0.0014408634,0.0010302234,0.001414562,0.00031750367,0.001970181,0.00075302593,0.027200196,0.0006566616,0.00080692145,0.00067322346,0.8290703,0.01679749,0.038045254,0.0004504773,0.00040303613,0.00037978732,0.0002590967,0.0014560728
TRA_9_aug_17.npz,TRA,M_SHA,False,0.8277549,0.0027620816,0.003421726,0.001342501,0.0014185046,0.0034342678,0.0025256681,0.0005276031,0.0021650004,0.0072100456,0.0014562235,0.0024431942,0.017677702,0.0013393193,0.0007049957,0.0026658976,0.0010326003,0.0009934285,0.01281151,0.0031666001,0.0018420895,0.8277549,0.0009528132,0.0060802866,0.0016481356,0.0012011891,0.007956733,0.001293013,0.0006425634,0.0033689819,0.0016795729,0.0019064798,0.06686833,0.0020844208,0.0015945551,0.0007697513,0.003257316
NA_15_aug_02.npz,NA,TA,False,0.8258053,0.0007829681,0.015812248,0.0019063067,0.0003816639,0.002912373,0.0004141137,0.0018405616,0.0053975773,0.00012267542,0.0005379827,0.0030174037,0.0015821104,0.0010601876,0.002885157,0.0024263088,0.0013503393,0.00058851356,0.00067185814,0.00037525772,0.0015283227,0.0025242954,0.01897529,0.0015924721,0.0019110895,0.00021122294,0.001543711,0.057644714,0.8258053,0.0009947154,0.022712776,0.0008977913,0.00046757082,0.0037886878,0.0016816754,0.012705846,0.0009488947
MA_8_aug_02.npz,MA,BA,False,0.8249061,0.8249061,0.0036909082,0.0011211277,0.096699186,0.0016679531,0.00073223445,0.0014860647,0.000612305,0.001656439,0.0012717146,0.00069336843,0.00079151336,0.0054164897,0.0007980599,0.0021594954,0.0014505323,0.0022069989,0.0021331941,0.0012798987,0.023648357,0.00043332845,0.0016316195,0.00028651478,0.0019486526,0.0037897415,0.0012221629,0.00016985301,0.0007419044,0.002219363,0.00086493074,0.0016413657,0.0016183403,0.0067057866,0.00035269556,0.00049563375,0.0014562068
BHA_7_aug_14.npz,BHA,JHA,False,0.82374716,0.0012094853,0.001383183,0.0011847165,0.001811416,0.0023258133,0.00024736027,0.0010797351,0.001150698,0.0016318845,0.022286031,0.0026062222,0.0037299779,0.002666801,0.0008069252,0.82374716,0.00052472396,0.004258692,0.0015929899,0.00022934163,0.0021055841,0.0020424698,0.06942107,0.0026161782,0.0025937108,0.0003328955,0.0022151736,0.00024331173,0.011096887,0.007021894,0.021717412,0.00067004154,0.00044740824,0.0009854027,0.0009801415,0.00033075595,0.0007065648
KSHA_3_aug_13.npz,KSHA,M_SHA,False,0.821357,0.00075668463,0.0018075559,0.0010183771,0.00086323894,0.0012272539,0.003110266,0.0013641272,0.0006898996,0.0009066414,0.00061660225,0.0026642221,0.0021506085,0.0006070754,0.0003850098,0.0021712899,0.00055858097,0.00017031202,0.059989672,0.001982996,0.0012795079,0.821357,0.0012834566,0.003706221,0.0007930864,0.0014181562,0.046580352,0.0006482741,0.00046050668,0.0018434097,0.0015188926,0.0014574953,0.025402054,0.0009347994,0.000589322,0.00025492994,0.007432095
DAA_15_aug_11.npz,DAA,WA,False,0.8187644,0.00045252265,0.00019806776,0.0011357844,0.0014141267,0.0004531212,0.010256236,0.0014211568,0.0008162738,0.041704714,0.0026669167,0.0019827604,0.003470171,0.0011532523,0.00043475124,0.00023274963,0.00036520543,0.0013403968,0.0024576462,0.002129423,0.0006427419,0.0017420766,0.00018327116,0.00089190656,0.0013889516,0.00042396015,0.00023098767,0.0014095944,0.00040699978,0.0008121684,0.0010056514,0.0007136998,0.0821581,0.005975909,0.8187644,0.00894424,0.00022010249
DA_1_aug_18.npz,DA,KA,False,0.8184261,0.0038172288,0.0035576534,0.0015153458,0.002373003,0.009448196,0.0017797938,0.005875827,0.0015172422,0.002016035,0.0017202948,0.00084479916,0.0036906614,0.0008196711,0.06534886,0.0003147816,0.8184261,0.012539425,0.001865183,0.0012308488,0.0038896762,0.0009669735,0.001979324,0.000551208,0.003988538,0.00598994,0.004776517,0.0023434013,0.0019926245,0.00031214807,0.0005724208,0.0004994148,0.0019290767,0.0025939,0.0018457081,0.001520355,0.025547804
DHA_3_aug_18.npz,DHA,PHA,False,0.81688416,0.0004741197,0.0006847567,0.0012947937,0.0013380375,0.0004032384,0.00013941727,0.13019209,0.0011579976,9.321692e-05,0.00025654893,0.0001315451,0.0012405192,0.0005587226,0.0015559604,0.0006763994,0.001153559,0.00025452743,0.0007459338,0.0002731522,0.0014721586,0.0076190564,0.004383534,0.017130364,0.00046838698,0.00054824934,0.81688416,0.0005290656,0.0006162755,0.00038978626,0.000592111,0.00015251408,0.0004697319,0.0012359787,0.0006570932,0.00019528645,0.004031596
YA_6_aug_07.npz,YA,RA,False,0.81675124,0.0006326218,0.08221282,0.0013562476,0.00016423536,0.0028229463,0.0005614948,0.0017587364,0.0017063238,0.00012417807,0.0002481309,0.0010076632,0.00107503,0.00051329745,0.0026454108,0.00035980312,0.0013774681,0.00059774116,0.00056080124,0.0011143045,0.0035415958,0.0022092278,0.003984795,0.0016690883,0.00059634785,0.00032109313,0.00046241446,0.81675124,0.028056318,0.00037401725,0.00086380384,0.00025304776,0.00043999014,0.011397819,0.002633983,0.02432837,0.0012775126
RA_15_aug_15.npz,RA,YA,False,0.8136249,0.00061301724,0.001716249,0.0033807247,0.0006141891,0.00067148765,0.0352064,0.0017739445,0.0021321303,0.0007764099,0.00094025646,0.0017993635,0.0019526103,0.0012226438,0.0023530826,0.00031928028,0.00088707503,0.001654883,0.0011718795,0.0012080084,0.0011017838,0.0009203255,0.00074023724,0.001022882,0.004472599,0.0007651441,0.0007190215,0.02249479,0.02006487,0.00097085314,0.008891997,0.0040763114,0.0022208334,0.001627779,0.055507842,0.8136249,0.0003841139
PA_23_aug_08.npz,PA,TAA,False,0.81247264,0.0010931465,0.0010033606,0.0014493983,0.0021646884,0.06578481,0.0015617053,0.0004277936,0.0014399765,0.0012443059,0.0009874268,0.0028001931,0.0005395568,0.001798816,0.00033363386,0.014157874,0.0007810392,0.0012483018,0.0021941196,0.0015584849,0.001232112,0.001722135,0.00044928733,0.0023897917,0.0009557927,0.023190226,0.00087107415,0.0009952809,0.00092152256,0.81247264,0.018021028,0.030504312,0.0006107175,0.0005311081,0.0004926474,0.00028656272,0.0017850312
JA_25_aug_03.npz,JA,DHA,False,0.8114891,0.001157149,0.0022352224,0.009240451,0.0008921388,0.0009837965,0.0003006372,0.8114891,0.0006837846,0.0005439558,0.00040631337,0.00046673123,0.000667358,0.00058128533,0.10561527,0.00029879517,0.006005538,0.0011274375,0.00087218627,0.0010022164,0.0020423296,0.00069566997,0.003396668,0.0031952271,0.01040489,0.0009851641,0.018164301,0.0027894606,0.0020234429,0.000155642,0.0010853183,0.00019490016,0.0013147678,0.004033008,0.002738239,0.0010144528,0.0011970674
DHAA_26_aug_04.npz,DHAA,HA,False,0.8114121,0.0023928704,0.0010084285,0.0031708288,0.0009507593,0.0023137429,0.003490018,0.0009660186,0.119761765,0.00078574475,0.00076990726,0.0006239824,0.0011999895,0.8114121,0.0003036574,0.0035280401,0.0011969447,0.0014853858,0.0006687877,0.0138342455,0.0010669559,0.00042755617,0.005209125,0.007245547,0.00034241437,0.0013373344,0.00061414443,0.0010889621,0.0014421808,0.002165255,0.0013161898,0.0014866414,0.001426218,0.0010081775,0.0004835603,0.0017196409,0.0017569115
TRA_9_aug_04.npz,TRA,D_SHA,False,0.8095155,0.003942106,0.0007056172,0.0007507503,0.0020457278,0.0024897773,0.0034841408,0.00079751434,0.0033788537,0.8095155,0.005210147,0.002882081,0.036410104,0.0016206414,0.0010123012,0.0017629794,0.0011546628,0.0011768757,0.0020620292,0.00066977396,0.0007412873,0.005413961,0.0009731832,0.001230532,0.0026750301,0.0009185446,0.0005581814,0.0007197339,0.00074778707,0.0020643224,0.00094599935,0.0012608845,0.050508253,0.027523419,0.02047869,0.00097063556,0.001198056
TA_6_aug_02.npz,TA,JHA,False,0.80946195,0.0010010102,0.001384057,0.00094611634,0.0011000175,0.002243257,0.00021876804,0.0010042597,0.0010463019,0.00088048325,0.006472077,0.0019115685,0.0025483812,0.0033675241,0.0006028636,0.80946195,0.00044022966,0.0023988518,0.0007955638,0.00016158211,0.001575525,0.001916645,0.071397714,0.0017198563,0.0019634876,0.00016900054,0.003254677,0.00028138608,0.022405202,0.0058006723,0.04803354,0.00074458844,0.00024661835,0.0007913754,0.00082782214,0.00036447347,0.0005226299
TRA_19_aug_07.npz,TRA,M_SHA,False,0.8040596,0.0016158156,0.0017959167,0.00064541737,0.0010276721,0.0026111936,0.0015488362,0.0003477881,0.00068535225,0.005257385,0.00054949673,0.0013035539,0.007939069,0.00111041,0.00038290056,0.0022767058,0.00061301753,0.00045224492,0.018603412,0.0023364148,0.0011909012,0.8040596,0.0005313757,0.0023280971,0.0010735594,0.0008508248,0.0049555055,0.0008195461,0.00033613277,0.0018491527,0.0008485377,0.0006776736,0.1238257,0.0016260227,0.0010541084,0.0003024954,0.0025680508
BA_9_aug_17.npz,BA,T_SHA,False,0.8027843,0.10490436,0.0013328656,0.0014579167,0.0010620999,0.0027988423,0.00034091738,0.0020683454,0.0014143543,0.048264552,0.0011139807,0.0016110649,0.0053913994,0.0016788468,0.0021669667,0.001777094,0.0011848445,0.001594994,0.00046391765,0.00017893083,0.00032976616,0.00069681584,0.0005954182,0.00046329535,0.0012712339,0.0007986074,0.0006355839,0.0017962789,0.0017530416,0.00089627935,0.001396331,0.0005268153,0.0015964404,0.8027843,0.0021818453,0.00045888973,0.0010127275
THA_7_aug_20.npz,THA,DA,False,0.8019592,0.0021607033,0.0017681507,0.0027966003,0.001223093,0.8019592,0.00047955426,0.00086246245,0.0006033483,0.002909387,0.0017742933,0.0016815724,0.0009566115,0.002599846,0.00078331266,0.012037886,0.007525272,0.048720486,0.0009132518,0.0017470687,0.0012204457,0.0010018215,0.0003118679,0.0004613031,0.0012924193,0.0020654888,0.0005645203,0.0022938212,0.0006301662,0.08463716,0.0045201248,0.0016651087,0.0008165665,0.0022317502,0.0008296281,0.00020888189,0.0017468345
JHA_13_aug_07.npz,JHA,GA,False,0.7983959,0.0021811645,0.0013432901,0.0013511867,0.0013236145,0.0024853323,0.0012717288,0.0008930943,0.0011177987,0.007001941,0.7983959,0.017762797,0.005902883,0.0007527396,0.0023482859,0.028962124,0.0017796509,0.08053695,0.0018732294,0.00085152034,0.002019486,0.004023091,0.0059492346,0.0009351206,0.015238426,0.000102211285,0.0007267182,0.00024002147,0.0019722278,0.00091205974,0.0027881532,0.0014276745,0.001042462,0.0012977739,0.0016038488,0.00075831,0.0008279501
BA_6_aug_05.npz,BA,T_SHA,False,0.7941753,0.14734052,0.0017429554,0.001295048,0.00081889564,0.0025623324,0.00020625582,0.001520883,0.0010545347,0.02291687,0.0007018575,0.0014594845,0.0035675995,0.0011189098,0.0017310919,0.0011465384,0.0010417184,0.0013661889,0.00037689265,0.00013854903,0.00037177492,0.0006050194,0.00045698648,0.00035906292,0.0012264344,0.0007735795,0.0005159352,0.0017964398,0.0016219085,0.0007875363,0.0010782793,0.0004215545,0.0010161992,0.7941753,0.0014543143,0.0003391638,0.0008932475
JHA_7_aug_20.npz,JHA,GA,False,0.7908007,0.0020725795,0.0011775913,0.0011545201,0.0007337019,0.0022954417,0.0012632242,0.0006521471,0.0008043593,0.005224653,0.7908007,0.020310909,0.005799473,0.0004329341,0.0033714036,0.008324797,0.0028975473,0.107899435,0.0010956863,0.00077656686,0.0015785964,0.0027519623,0.0030001528,0.00035857732,0.024832437,7.5436204e-05,0.0003775373,0.00020963635,0.0016669605,0.00034285552,0.0015285005,0.0010503794,0.00075966754,0.0010920143,0.0018004351,0.0010647808,0.0004223504
DAA_24_aug_06.npz,DAA,THAA,False,0.78911126,0.0012545028,0.00055545266,0.00069654826,0.0017878665,0.0006249365,0.09278414,0.0002110875,0.0008974637,0.00028300044,0.00021394144,0.0020744423,0.00029968913,0.00057371706,0.00041965413,0.00018690618,0.0005238852,0.0002141562,0.0013007335,0.0011767016,0.0008351866,0.0002045105,6.674706e-05,0.0006016662,0.00067637017,0.033931572,0.0003711473,0.00046620434,0.00076473906,0.0260667,0.03529106,0.78911126,0.00028765187,0.0002011253,0.0005489147,0.0034654504,0.0010307913
TRA_23_aug_05.npz,TRA,KSHA,False,0.7888765,0.0007259013,0.00034028423,0.0009783619,0.0013705126,0.00021250907,0.040041074,0.0012847957,0.0001195147,0.0011381177,0.00095224293,0.0013264767,0.00021754215,0.0004294869,0.00042791595,0.0006081877,0.00050189224,0.00015802246,0.7888765,0.0008826887,0.001346446,0.007065224,0.0010392419,0.0008537886,0.00046442528,0.0054407483,0.001855196,0.0003653822,0.00032842247,0.0010286617,0.0007114908,0.0011267323,0.13159081,0.0004664298,0.0012548496,0.0004081643,0.0040620663
NAA_8_aug_18.npz,NAA,TA,False,0.7823454,0.0017253744,0.008180715,0.0024523414,0.00092600996,0.0031133534,0.0010562409,0.0020334427,0.0094097955,0.00040755005,0.0021154885,0.0056581832,0.003987093,0.0020165131,0.00484439,0.0076657864,0.0016069082,0.0015327056,0.0010980873,0.0003820853,0.0018569683,0.0033160853,0.023433805,0.0022443295,0.0061147325,0.00039741688,0.0025485016,0.012287866,0.7823454,0.0029803112,0.07615371,0.0026840726,0.0009730574,0.0029177722,0.0029059674,0.015468299,0.0011596852
KSHA_6_aug_12.npz,KSHA,M_SHA,False,0.780588,0.0021971453,0.0025099462,0.0009081,0.0014052553,0.0032419888,0.0023147187,0.00056828663,0.000933694,0.005681826,0.00087362283,0.0018613865,0.007775907,0.0014146346,0.00059130177,0.0033647737,0.00090962945,0.000600441,0.029147219,0.0028309145,0.0018035191,0.780588,0.0008491621,0.003301234,0.0014838214,0.0014526924,0.007629777,0.0011024469,0.00049851305,0.0025852085,0.0012362291,0.0010234307,0.119402625,0.0020992986,0.0012527782,0.00041847635,0.0041421065
PHA_9_aug_03.npz,PHA,M_SHA,False,0.78054106,0.004646597,0.00835295,0.0024156154,0.001850083,0.003445916,0.0034534296,0.0015593785,0.010611972,0.0054874285,0.005362608,0.0037153193,0.039605223,0.0015161408,0.0020159686,0.0034921407,0.0021111672,0.002866894,0.0072537432,0.0040240856,0.0040650642,0.78054106,0.0024740796,0.026152657,0.0025220334,0.0015939703,0.022597892,0.0023424607,0.0015556887,0.004562457,0.0033104585,0.004775319,0.01857881,0.00249269,0.0023376048,0.0022630366,0.0040480075
TAA_7_aug_04.npz,TAA,DA,False,0.7774808,0.0013192715,0.0015657464,0.0020997375,0.001105356,0.7774808,0.0011605007,0.00038022734,0.0006425607,0.0027416602,0.00025079632,0.0013706406,0.00047745183,0.0015587526,0.00051584275,0.0010107593,0.012049427,0.00607016,0.00069145294,0.001456182,0.0012792588,0.00040442846,0.00010465271,0.0003935154,0.001405895,0.023164302,0.0005291625,0.0029645504,0.00033980812,0.13957934,0.0013772609,0.004289838,0.00055838836,0.0013189539,0.00084449846,0.0004443349,0.00705435
T_SHA_15_aug_17.npz,T_SHA,BA,False,0.77696246,0.77696246,0.006591291,0.0010364706,0.0021181277,0.0031650856,0.00024745252,0.0014486348,0.0008767008,0.00526093,0.0006924987,0.0011067265,0.0017670585,0.0015672008,0.0021016872,0.0011319619,0.0015242392,0.0028025797,0.0006279801,0.0002508709,0.0019152613,0.0007074833,0.00040214168,0.00023697293,0.0021542045,0.0010656649,0.00073623296,0.0010326247,0.001754523,0.0013307258,0.0014579261,0.00076648756,0.0007870197,0.17241964,0.0006357999,0.00039406412,0.0009233153
GYA_19_aug_04.npz,GYA,M_SHA,False,0.77594954,0.0019331339,0.002570527,0.00083004683,0.00067000237,0.0019446146,0.0011038262,0.0004257929,0.008486547,0.009073443,0.0032223014,0.0016199352,0.13828214,0.00069650385,0.00062682625,0.0012904445,0.0005974838,0.0015347187,0.0016279978,0.0011292626,0.00089270493,0.77594954,0.0008560892,0.011961974,0.001044196,0.00031119128,0.006702874,0.0006335003,0.0005206007,0.0018197022,0.0011034883,0.0015947223,0.014037618,0.0016456933,0.001545296,0.0008883846,0.00082699617
TA_28_aug_03.npz,TA,THA,False,0.7749379,0.0007895667,0.0009869664,0.0012122645,0.0007708036,0.00094107917,0.004720025,0.0012955873,0.003197549,0.00032510108,0.00085543795,0.0022086655,0.0013377792,0.0023284436,0.0022791694,0.0041847285,0.00033251228,0.00079135946,0.0004248993,0.00061221165,0.00050047756,0.00061853207,0.0012243327,0.00081022875,0.0023515988,0.00062847475,0.0007263055,0.001489816,0.116219796,0.006986517,0.7749379,0.04333483,0.00032091147,0.0005948297,0.0022698138,0.016959975,0.00043146743
RA_16_aug_11.npz,RA,BHA,False,0.77418095,0.014204943,0.77418095,0.0007835391,0.0005939005,0.0021682417,0.00037702237,0.0008694349,0.00095687923,0.00012872883,0.0007013314,0.0013869349,0.001007592,0.00057524536,0.0029583783,0.00075535575,0.0016232018,0.0016441322,0.0006233602,0.002159811,0.06380619,0.004948385,0.0030059519,0.0014107724,0.0009055448,0.0006389826,0.00068783073,0.096480206,0.005977325,0.000506135,0.00046549345,0.0003454704,0.0008144251,0.0064546214,0.0016639411,0.0031864492,0.0010033768
THAA_16_aug_08.npz,THAA,TAA,False,0.7733975,0.0007804719,0.0005841639,0.0010527112,0.0021296155,0.023516431,0.0032352686,0.0003542917,0.001131853,0.00064159627,0.0007721583,0.0024853842,0.00033628655,0.0014209871,0.00027860436,0.011973052,0.00033552924,0.0006818348,0.0017521566,0.0013481212,0.00090946956,0.0012273476,0.00030637858,0.002113073,0.0006292397,0.018489443,0.00061808486,0.0006016288,0.0009388086,0.7733975,0.049712427,0.09392555,0.00036681813,0.00032912378,0.00033841812,0.00032299984,0.000963128
TA_8_aug_08.npz,TA,THA,False,0.7725435,0.0017219201,0.0012453982,0.0018384828,0.0015906214,0.004218403,0.0042867167,0.0012680572,0.0027640513,0.00045900155,0.0010633161,0.002453633,0.0011467392,0.0022328836,0.0013915307,0.023780694,0.0004586375,0.0016302594,0.0007124355,0.00097722,0.0007777981,0.0009720655,0.0010792881,0.0012616592,0.0011379801,0.0012729856,0.0010299543,0.0010623375,0.019931668,0.057081398,0.7725435,0.08150718,0.0003580257,0.0011154142,0.0010741755,0.0019572098,0.0005975056
DAA_7_aug_18.npz,DAA,KSHA,False,0.7715979,0.00075550063,0.00049520563,0.00086057314,0.0017173998,0.00024490178,0.117770545,0.0013194983,0.00028998055,0.00092954264,0.0014723423,0.0012008866,0.00021807122,0.0005508782,0.0006041962,0.0008374358,0.0009837248,0.00013355672,0.7715979,0.0012751896,0.0021743493,0.004343965,0.0012445229,0.0015243925,0.00040072555,0.023870088,0.0018557889,0.00041413482,0.0003904187,0.001735587,0.0013343967,0.0037054697,0.04490808,0.00042339895,0.0011423604,0.0005264252,0.006748616
NGA_7_aug_09.npz,NGA,DHA,False,0.7674728,0.00091961445,0.0012973391,0.15867147,0.0003333158,0.0020281067,0.00031922426,0.7674728,0.00078702834,0.0003550498,0.00043768977,0.0008539039,0.00047644883,0.0005798066,0.008737162,0.0005277437,0.0007735272,0.0013016792,0.00059736706,0.0015022081,0.0019157456,0.0006400869,0.0027161269,0.008053354,0.021833703,0.00046319436,0.002183551,0.003285157,0.0014396325,0.00043754038,0.0016702603,0.00047118167,0.0012874623,0.0016423343,0.0020715808,0.0018449259,7.280977e-05
GA_12_aug_13.npz,GA,KHA,False,0.7661694,0.002961449,0.0017718918,0.00256889,0.0010298272,0.030487176,0.0005385241,0.00092596805,0.00049900904,0.0055374717,0.13097566,0.0043977965,0.007577049,0.00066860614,0.004109419,0.004030064,0.012403217,0.7661694,0.0005787127,0.000987265,0.0022598184,0.00075038045,0.0009413773,0.00018554326,0.008977482,8.841401e-05,0.00020172019,0.0004216422,0.0006182234,0.0008864923,0.0010897442,0.00035409056,0.0012044987,0.001449487,0.001310442,0.00045603112,0.0005872979
WA_15_aug_09.npz,WA,D_SHA,False,0.76577,0.002810131,0.00031369136,0.0006245108,0.0014133495,0.0023661961,0.0015703613,0.0012710948,0.0014106099,0.76577,0.0025583047,0.001902687,0.015111555,0.0015688697,0.000679421,0.0014632862,0.0005817399,0.00090586056,0.001023013,0.000662567,0.00029348274,0.0032974437,0.00033357355,0.0006603327,0.0015635046,0.00046330589,0.00033764323,0.0007719441,0.00036625145,0.0012708257,0.00094885216,0.00059925707,0.034127716,0.099162176,0.05052274,0.00065585156,0.00061783456
TRA_23_aug_18.npz,TRA,KSHA,False,0.76318866,0.0007286902,0.00034844005,0.0009865301,0.0013376895,0.00019606635,0.05283554,0.0012998964,0.00012724621,0.0012161903,0.0010272347,0.0013164645,0.00021844305,0.00044519734,0.00045220344,0.0005410035,0.0005217972,0.00017585717,0.76318866,0.00086524733,0.0013566982,0.0058514504,0.0010210912,0.0008035783,0.00048759783,0.0052373437,0.0016844213,0.00040726457,0.00035611403,0.00097060425,0.0006991231,0.0011911247,0.14602241,0.00047028373,0.0014591862,0.00050677714,0.0036464753
BHA_22_aug_17.npz,BHA,MA,False,0.7628127,0.0074928943,0.09279309,0.0015248703,0.021958573,0.00062168733,0.00079698407,0.0012022676,0.00073663477,0.00019589238,0.0033508823,0.0015856695,0.00039826197,0.0014498982,0.00090406946,0.0025197978,0.0008370291,0.0013630487,0.0042587495,0.004579157,0.7628127,0.0023946697,0.05579332,0.0027965528,0.00058177096,0.0026931171,0.0070379265,0.0028366116,0.0026776975,0.0010198604,0.00047674103,0.0010825972,0.0031714642,0.0007181159,0.0006737357,0.00082515,0.0038385391
PHA_9_aug_04.npz,PHA,GYA,False,0.7590563,0.0063923914,0.0016716097,0.0009781497,0.00272767,0.0026599453,0.0032401287,0.0012653315,0.047576353,0.079271704,0.010318746,0.0022194567,0.7590563,0.007086829,0.0019760192,0.0024946753,0.002378627,0.003005085,0.0010132416,0.0009269696,0.0005937581,0.019272633,0.0029449663,0.0038855097,0.0041807326,0.0010228114,0.0024299428,0.00094322994,0.0024383462,0.0019472021,0.0015009864,0.0021214327,0.0095957685,0.0056444355,0.001897648,0.0016313553,0.0016899356
RA_26_aug_15.npz,RA,BHA,False,0.7564947,0.0087285135,0.7564947,0.0007991978,0.000461868,0.0018450177,0.00031510496,0.0007514258,0.000936218,8.619064e-05,0.00061525404,0.0012985882,0.0010739838,0.0004723553,0.0026379237,0.00066549185,0.0014603548,0.0013881283,0.0006284373,0.001897275,0.051804062,0.004607407,0.004352608,0.0014447216,0.00067204924,0.0005166267,0.00059300783,0.1323266,0.008469103,0.00037966494,0.00038818442,0.00025138093,0.00065232976,0.0050009238,0.0011771143,0.0037092678,0.0010988992
TRA_23_aug_17.npz,TRA,KSHA,False,0.7552414,0.0008808665,0.00041308202,0.0010724055,0.0015964303,0.00027450855,0.031271517,0.001307227,0.000129793,0.001462376,0.0009223847,0.0017209675,0.00030067036,0.00047916663,0.00044340952,0.00078538706,0.0005320069,0.00017053697,0.7552414,0.0009638652,0.0015420159,0.011499923,0.0011256224,0.0009512782,0.0005675752,0.0050504417,0.002462395,0.00037041202,0.00035681983,0.0012191372,0.00081290584,0.0011636966,0.16603543,0.0005662787,0.0013145986,0.0003779788,0.004615474
YA_26_aug_20.npz,YA,RA,False,0.75263506,0.0005340527,0.04135979,0.0026810702,0.0002528777,0.003508923,0.0013019518,0.0035142812,0.0022030121,0.00019744394,0.00028268516,0.0013277458,0.0013042726,0.00088535214,0.002629521,0.00053213356,0.0016990907,0.00080076326,0.0008751755,0.0014545898,0.0028947347,0.002595046,0.0048246267,0.0016819162,0.0010101805,0.000383322,0.00095439015,0.75263506,0.062774554,0.000518671,0.0021396822,0.00047536747,0.0007055183,0.010048048,0.006422577,0.08109225,0.0014992193
YAN_14_aug_20.npz,YAN,PA,False,0.74968094,0.0010724943,0.0013812293,0.0005582031,0.003892789,0.006452239,0.008666934,0.0005742658,0.001914045,0.00071143685,0.00037701553,0.0008467691,0.00038770481,0.0018946264,0.0012196975,0.0012694423,0.015876615,0.00012459347,0.013956137,0.0024243607,0.0039826874,0.0005341308,0.00039702278,0.0012496981,0.0005637114,0.74968094,0.003933038,0.00097208034,0.00053130457,0.019942664,0.0011340379,0.008272807,0.0010556583,0.0006795132,0.00061733765,0.0006090356,0.14224376
YAN_8_aug_14.npz,YAN,KA,False,0.7476692,0.0070259366,0.0038806198,0.0028536161,0.0031623878,0.046257105,0.0029365865,0.0034339342,0.002172005,0.0039076577,0.0031204429,0.0020162375,0.0065837693,0.0015667769,0.04190397,0.0005895069,0.7476692,0.06060785,0.0020583663,0.0019941228,0.0043730563,0.0013732221,0.001498602,0.0006968867,0.0072439634,0.0053941202,0.0024268022,0.0027816568,0.001769818,0.0012836882,0.0010918564,0.0010294702,0.003134875,0.004784615,0.0033184027,0.0013742879,0.012684602
YA_8_aug_10.npz,YA,RA,False,0.74735063,0.0013418841,0.0749269,0.002836769,0.00048394775,0.0059921048,0.0018263396,0.004228739,0.003635423,0.00053958496,0.00072666415,0.0019340325,0.002485067,0.0015448772,0.0050895186,0.0011062747,0.0031032988,0.0016552575,0.0012338707,0.002306948,0.0058902055,0.004181624,0.006461751,0.003321311,0.0016178745,0.0007434157,0.0012599245,0.74735063,0.028022476,0.0010231992,0.0019518827,0.00069885276,0.0012565298,0.022665538,0.00824171,0.045925014,0.00239058
MA_27_aug_11.npz,MA,CHHA,False,0.74619216,0.06164111,0.005418404,0.0012008885,0.74619216,0.0006386267,0.001373267,0.0011220685,0.00081886176,0.00028695737,0.0015244334,0.0009878305,0.0005927418,0.0064996113,0.0005745382,0.0013882389,0.0011882404,0.00086395757,0.002023838,0.008164095,0.12911138,0.0008088843,0.0048718364,0.00070465024,0.0015664706,0.0060980795,0.0021276637,0.00019243841,0.0005705112,0.0020852797,0.0005303811,0.0031479427,0.0028432605,0.0004472842,0.0004921917,0.0004474929,0.0014543596
THA_20_aug_20.npz,THA,JHA,False,0.7456671,0.0011933761,0.0010924193,0.0013520841,0.0013058638,0.024903173,0.0003651219,0.00050834654,0.0007055223,0.00069897855,0.0025159365,0.002161697,0.00067314896,0.00222227,0.00027369484,0.7456671,0.00034940196,0.002465411,0.0011295567,0.0007986842,0.00084354734,0.0037794588,0.003266497,0.0017672803,0.000571329,0.0010024712,0.001289576,0.00041926658,0.0032093367,0.103422955,0.08241705,0.0047783395,0.0002285583,0.001205546,0.0004427259,0.0001404305,0.0008338974
GA_18_aug_13.npz,GA,JHA,False,0.74414694,0.0016285946,0.00103449,0.0011097362,0.0027588923,0.0076854154,0.00032006428,0.0005834824,0.00085169356,0.0042382283,0.14443532,0.0040053446,0.005446879,0.0020718894,0.00051087845,0.74414694,0.00058597507,0.032766674,0.0021043413,0.0004616595,0.0017170884,0.002531148,0.010314204,0.0011632198,0.002106752,0.000250715,0.0007224959,0.0001384482,0.001235868,0.012526626,0.0061299684,0.0009120096,0.0010812826,0.0010165666,0.0006281555,0.00010656799,0.00067241053
DAA_24_aug_08.npz,DAA,THAA,False,0.7440901,0.0013541727,0.0007192876,0.0008604897,0.0022533103,0.0009591105,0.10024038,0.00025824143,0.0011093752,0.00042001775,0.000314066,0.0029075695,0.00035910332,0.0006223722,0.00048079534,0.00029450768,0.00072692847,0.00023487669,0.0022617304,0.0017137817,0.0012458976,0.0003096662,9.7569544e-05,0.0009933816,0.00070988666,0.0622651,0.00049718935,0.0005553953,0.0007541348,0.035348684,0.028814727,0.7440901,0.0004138001,0.00026416927,0.0006960925,0.0031898995,0.0016642922
YA_6_aug_20.npz,YA,TA,False,0.7412199,0.00058293255,0.0028677734,0.0010496519,0.00041720743,0.0005679854,0.0016101908,0.001209192,0.0043051755,0.00015296965,0.0005437694,0.0021603955,0.0015596619,0.00081320363,0.0031708002,0.00072027225,0.00048163626,0.00055819337,0.00037952772,0.0002729768,0.000752916,0.00079408585,0.0027980653,0.0007784681,0.0052574296,0.0004649055,0.0007962722,0.009062802,0.7412199,0.0011255677,0.08972926,0.0053389464,0.00044161573,0.0007421942,0.0043179737,0.112308696,0.0006474258
TAA_18_aug_08.npz,TAA,DA,False,0.7390543,0.0009646221,0.0010764637,0.0014230076,0.0008645423,0.7390543,0.0006880405,0.000268489,0.00051371154,0.0018910724,0.00017549265,0.00093255774,0.00029925178,0.0013786141,0.00031297942,0.0011711281,0.0067367074,0.0044565406,0.0005006379,0.0010064129,0.0008378796,0.0003176498,7.779957e-05,0.0003146731,0.0009291709,0.016880414,0.0004311593,0.002323733,0.0002518432,0.20145091,0.0014245345,0.0036542672,0.00035751675,0.0009843907,0.00052439846,0.0002824468,0.005242634
DHAA_27_aug_17.npz,DHAA,NAA,False,0.7384332,0.0004902566,0.00130793,0.011319737,0.00018043928,0.0016155201,0.0013077635,0.0022670846,0.17994489,0.0008393494,0.0009873824,0.0006815951,0.0019175631,0.011363071,0.00044689735,0.0019118797,0.000894358,0.0006214466,0.001208496,0.0043110517,0.0010326572,0.0037712723,0.013977952,0.7384332,0.00023409822,0.001982525,0.0014100343,0.0027054923,0.0018208293,0.002810171,0.0008637832,0.00062083354,0.0011260662,0.001145666,0.0012313289,0.001648119,0.0015692781
CHA_21_aug_10.npz,CHA,GHA,False,0.7381363,0.0028064253,0.0017827254,0.12302207,0.0014994846,0.0019304224,0.0011661126,0.0012823527,0.0007463947,0.00092806143,0.001992853,0.7381363,0.000267225,0.0025129358,0.0012674304,0.0011530889,0.0007965962,0.0016187732,0.0013329801,0.059725102,0.0012323842,0.0012453662,0.0025861622,0.0025652708,0.028760863,0.0009348495,0.00016113814,0.0008790247,0.0019022294,0.0009946747,0.0018414011,0.005901262,0.0023590971,0.0021270807,0.0014494974,0.0006817786,0.00041058697
BA_23_aug_03.npz,BA,CHHA,False,0.73557013,0.17665695,0.00051672274,0.00079310685,0.73557013,0.0013666442,0.0012262331,0.0019613022,0.0024251891,0.0011099555,0.0014361488,0.0006080805,0.0041351877,0.040889595,0.0009899589,0.001959497,0.0011081854,0.0019799348,0.0009922931,0.0025255652,0.0034179175,0.0004001478,0.0012722535,0.00025628283,0.0020678588,0.0014997044,0.0015564373,0.00010405044,0.00083270925,0.0023730332,0.0012789852,0.002028685,0.0012627044,0.001333016,0.00014231344,0.00069196825,0.0012312267
TRA_23_aug_06.npz,TRA,KSHA,False,0.73541415,0.0010952111,0.0005799899,0.001019394,0.0017128962,0.00044026485,0.021009045,0.0012937253,0.00015930107,0.0018173201,0.00084926665,0.002176883,0.00044164964,0.0005714123,0.00046435272,0.0012198153,0.00062062166,0.00017815556,0.73541415,0.0010899076,0.0018379146,0.024550745,0.00122647,0.001094618,0.00066135655,0.004970175,0.0040322873,0.00039622985,0.0003798617,0.0014759443,0.0009820742,0.0011988676,0.17580584,0.0007228125,0.0012274841,0.00031448112,0.006969504
JHA_15_aug_04.npz,JHA,THA,False,0.73291045,0.0021302819,0.0017849128,0.0025251093,0.0013843427,0.007848918,0.001611294,0.0016537315,0.003678251,0.00063924515,0.001884256,0.0030852677,0.0019087611,0.0026416385,0.0016189537,0.093856335,0.00066789455,0.002366447,0.000848333,0.0008578501,0.0008819244,0.0018741608,0.002892331,0.0017021771,0.0016122014,0.00074932765,0.0015814273,0.0012662897,0.03575736,0.05377656,0.73291045,0.026514467,0.00043352027,0.0018456046,0.001256708,0.0012384689,0.0007151618
PA_23_aug_14.npz,PA,TAA,False,0.73275226,0.0016902232,0.0012881443,0.0019538968,0.0030068564,0.049934145,0.0039585,0.0005016247,0.0016197925,0.0013529873,0.00090186164,0.0036523466,0.00059180264,0.0019594904,0.00046307434,0.0070495317,0.0014463514,0.0011358872,0.0029743062,0.0022635143,0.0019042178,0.0013765249,0.00036900336,0.0024367026,0.0013652905,0.081181936,0.0009736428,0.0013368693,0.00074199203,0.73275226,0.013486623,0.06821546,0.0006612498,0.00066520483,0.0007038243,0.0006707294,0.003414179
M_SHA_9_aug_01.npz,M_SHA,DHAA,False,0.73010343,0.002864806,0.0012234349,0.0016686426,0.0011232904,0.0026963432,0.0037600086,0.0011140463,0.73010343,0.008874535,0.0023919963,0.0015983762,0.111272864,0.067817815,0.0008320659,0.0016921903,0.0020746817,0.0012587392,0.0009647283,0.0022259583,0.00042545312,0.0033051353,0.0051266807,0.01297823,0.0010536851,0.0018226224,0.0016590189,0.0016489382,0.0068255193,0.002342513,0.0024196226,0.0035806727,0.0033330007,0.0023104113,0.00060508103,0.0021781868,0.0028273796
TAA_9_aug_01.npz,TAA,THA,False,0.7300374,0.0031228089,0.0030805208,0.0030393167,0.0020956143,0.0038966676,0.0050808676,0.0025961674,0.006739208,0.0008927526,0.002379136,0.0044922153,0.0038167886,0.0045578843,0.0038029652,0.029459996,0.0012256843,0.0028739325,0.001308888,0.0011224226,0.0016769861,0.002307066,0.0050151674,0.0025261461,0.003583266,0.0011114593,0.0023108677,0.0022821524,0.0914414,0.020332133,0.7300374,0.038721472,0.0008468161,0.0022689113,0.002594666,0.006121258,0.0012388764
DA_26_aug_20.npz,DA,TAA,False,0.7277482,0.0008841643,0.0007278738,0.0011108274,0.0014121059,0.1834039,0.00094696006,0.00023048917,0.00066210865,0.001130225,0.00021764476,0.0011569735,0.0002411057,0.0015176538,0.00020204145,0.002851474,0.0017217676,0.0013374318,0.00078648876,0.0009324655,0.000834741,0.00037851554,0.00011500782,0.0008121033,0.00068460347,0.04278267,0.0006006895,0.0011017037,0.00029206043,0.7277482,0.0038558303,0.013403393,0.00031015766,0.00050179864,0.00041716496,0.00026356286,0.0044241133
BHA_26_aug_03.npz,BHA,MA,False,0.72527206,0.016571453,0.22379497,0.0003227022,0.0057827868,0.0005994884,0.00023609216,0.0005294607,0.00022127407,7.437839e-05,0.0010278033,0.0004625267,0.00010179426,0.0004949738,0.0006591675,0.0007590539,0.0004701226,0.0008392003,0.0010713884,0.002211597,0.72527206,0.0018989852,0.0042975247,0.000868622,0.0004323367,0.0015206349,0.001583883,0.0023084977,0.00055984606,0.00061433954,0.00016059665,0.00040377688,0.0010860396,0.00083233335,0.0006355986,0.0003685582,0.00092613295
RA_10_aug_02.npz,RA,BHA,False,0.7249714,0.016573006,0.7249714,0.00097442075,0.00041609016,0.002884518,0.0003200591,0.0010334911,0.0009940029,0.00015085281,0.0004879574,0.0015900908,0.0008241395,0.00042973598,0.0031504838,0.00057082175,0.0015595378,0.0012372632,0.00047766522,0.0018242272,0.04222344,0.00430556,0.0016403435,0.0016673227,0.0011521133,0.0007864493,0.00049648253,0.15815698,0.005627671,0.00067721563,0.00055582274,0.00038784667,0.0007066005,0.014901026,0.0023733838,0.003089476,0.0007825323
KSHA_25_aug_18.npz,KSHA,TRA,False,0.7209561,0.0014423316,0.00070805906,0.0008109278,0.002029913,0.0002759313,0.030585395,0.0010036175,0.00018721375,0.005051962,0.0010718493,0.0020402079,0.00072363805,0.00087580463,0.00062884076,0.00056912756,0.0006034833,0.0003924936,0.19535303,0.0010808645,0.0021332446,0.011101218,0.0006808883,0.00070785003,0.0014902108,0.0021446464,0.001425704,0.00078151305,0.00039522315,0.001203849,0.0007861349,0.0011811259,0.7209561,0.0011469343,0.005486089,0.0008070087,0.0021376782
JA_24_aug_14.npz,JA,NGA,False,0.7189248,0.0039291866,0.0024148093,0.007092523,0.0012715264,0.0028656407,0.0010204313,0.014167791,0.00038552404,0.0020878206,0.0036891252,0.009613591,0.0008655822,0.0011106904,0.18510906,0.000499978,0.0077348403,0.008632892,0.0006025002,0.0010739652,0.0013883054,0.0006038751,0.002382287,0.0003599054,0.7189248,0.0005712246,0.000549345,0.0011760286,0.006523932,0.00029319865,0.001977096,0.00051900966,0.0022194106,0.0022770914,0.0022923672,0.0033846505,0.00039007296
THA_1_aug_04.npz,THA,THAA,False,0.7174662,0.0020261828,0.00080626504,0.00087011175,0.0022474134,0.000549814,0.12750216,0.00033625247,0.0015117205,0.00036409765,0.00031910685,0.0025273564,0.0005673949,0.0011270262,0.00094823114,0.00025045345,0.00065610174,0.00041547263,0.0011538612,0.0011378301,0.00088319596,0.0002842082,0.00010611413,0.00067538366,0.0012034551,0.017623706,0.00048543964,0.0006574011,0.002683931,0.016510766,0.083889514,0.7174662,0.0003940652,0.00034212664,0.0010945286,0.009430064,0.0009531714
YAN_9_aug_17.npz,YAN,PA,False,0.71703154,0.0014014976,0.0013664422,0.0006570931,0.0046381718,0.001247314,0.056461822,0.00078524917,0.0018322566,0.0007697017,0.0011840907,0.0020299081,0.00039052698,0.0016565344,0.0016306167,0.0016419473,0.0061129937,9.385913e-05,0.08028196,0.0038872785,0.004884587,0.0013246223,0.0008545519,0.0021207887,0.0007932468,0.71703154,0.0026061204,0.0006807837,0.0009178686,0.016035309,0.0035995655,0.029185649,0.0033802213,0.00056336966,0.0008539401,0.0007659957,0.046332598
BHA_11_aug_15.npz,BHA,MA,False,0.7168556,0.005799983,0.14353035,0.0013001062,0.011860667,0.00074057543,0.00045175568,0.0010659548,0.0007538994,9.0724e-05,0.001847746,0.001417869,0.00036261076,0.0011662949,0.0008220526,0.0023642373,0.00066962454,0.0009353572,0.0028927037,0.004293957,0.7168556,0.0027851083,0.0653059,0.0033786912,0.0004657105,0.0025987574,0.006948698,0.0056472155,0.0040573706,0.00095570163,0.00043265123,0.0007241255,0.0014807096,0.00071776466,0.0004960617,0.0009134837,0.003870077
WA_8_aug_01.npz,WA,D_SHA,False,0.71677256,0.0020997855,0.00023733404,0.00065076613,0.0013924055,0.002527162,0.0014734952,0.0011945389,0.001097826,0.71677256,0.0020614336,0.0018930493,0.011934884,0.0015621134,0.0005070164,0.0013791304,0.0005422583,0.00091754267,0.0010283167,0.0008464371,0.00025914155,0.0038208878,0.00024435925,0.00055843993,0.0013759998,0.0003954698,0.0002963237,0.0007801452,0.00031309517,0.0011383031,0.0009563558,0.00048289835,0.041058872,0.10656725,0.09032176,0.00072422565,0.0005884435
BA_9_aug_10.npz,BA,T_SHA,False,0.7135416,0.2039879,0.0021534609,0.0016135846,0.001335017,0.00335477,0.00035396955,0.0022167831,0.0016417138,0.033353012,0.001148656,0.0017502873,0.0051230686,0.001828759,0.0025639953,0.0018707445,0.0014609875,0.0019972103,0.0005533912,0.00019702417,0.00050980196,0.0007382068,0.0006482403,0.0004817915,0.0015601689,0.00097617833,0.0007526417,0.0018536592,0.0022920086,0.001118997,0.0016771539,0.0006516419,0.0014192783,0.7135416,0.0016294034,0.0004876646,0.001157314
HA_13_aug_01.npz,HA,LA,False,0.71216303,0.0025778732,0.00097045687,0.011163996,0.008964283,0.0020224806,0.0020013994,0.00046654086,0.0072497255,0.000244817,0.0005488716,0.0032245594,0.00029452113,0.22293732,0.00024970382,0.0015111794,0.0008619363,0.0010011236,0.0007712654,0.71216303,0.0024069794,0.00065499154,0.0015284402,0.001782583,0.000543308,0.003842718,0.00012589793,0.00035279462,0.00042777686,0.0012672428,0.0011739786,0.0024684612,0.0014014437,0.00021742405,0.0006450475,0.000707707,0.0012281197
KSHA_5_aug_14.npz,KSHA,DAA,False,0.70833653,0.00087918865,0.0008573214,0.00085493986,0.003192741,0.00054590165,0.70833653,0.00078417105,0.0010572039,0.0012059873,0.0015706292,0.0022781258,0.0005075832,0.0014098142,0.0012720119,0.00079974195,0.0025454739,0.0002495828,0.07093675,0.0033287008,0.002682787,0.0015412819,0.0008026041,0.0019444657,0.0008219794,0.10336545,0.0008830047,0.00076020515,0.000853274,0.007180764,0.006064464,0.05401701,0.007700316,0.0005154592,0.0018251513,0.0025007732,0.0039285226
KSHA_8_aug_11.npz,KSHA,TRA,False,0.7034563,0.0010687375,0.00059228565,0.0008135867,0.0019642399,0.00022884416,0.070852235,0.0012134707,0.000251743,0.004963434,0.001403048,0.0017967334,0.00075030315,0.0012473579,0.0007893675,0.00040157943,0.000780503,0.00056062656,0.17396444,0.0012610015,0.0018461092,0.005972303,0.00079101254,0.0005779896,0.0014819483,0.0019256595,0.0012299345,0.0011076703,0.00055122236,0.00090459746,0.0007323153,0.0012210808,0.7034563,0.0010733032,0.008614218,0.0016681938,0.0019426625
CHA_9_aug_08.npz,CHA,GHA,False,0.70333403,0.007011143,0.0041780053,0.054392505,0.005799629,0.0046566497,0.0036304037,0.002421956,0.0025050943,0.0032981802,0.01095964,0.70333403,0.0015983812,0.0054085096,0.0045530256,0.004577882,0.0034490018,0.0055440417,0.004346052,0.041211393,0.00319867,0.0051895897,0.006990909,0.004583636,0.056103963,0.0021431858,0.0010737913,0.002000083,0.0054010306,0.0030742448,0.005158019,0.010939419,0.005531246,0.0066962233,0.0052838665,0.0018357172,0.0019208654
RA_8_aug_01.npz,RA,BHA,False,0.6991686,0.01047378,0.6991686,0.0010653065,0.0004949927,0.0026417114,0.00043760988,0.0010167571,0.0013135097,0.00014025034,0.00074141286,0.0017280412,0.0012903184,0.000631246,0.0036042167,0.0007894008,0.0018840779,0.0015333238,0.0006890045,0.0021382777,0.04176823,0.0048423363,0.0037515564,0.0018696755,0.0010148487,0.00069009943,0.000635505,0.18381226,0.010411826,0.000563857,0.0006086857,0.0003724323,0.0008049803,0.008765713,0.0018771222,0.0050871638,0.0013419044
THAA_9_aug_14.npz,THAA,THA,False,0.6984573,0.002671008,0.0028699383,0.0023932396,0.0019238705,0.0023983724,0.008001539,0.0023055917,0.006815287,0.00070760254,0.001978064,0.004443123,0.0035017978,0.004176741,0.00462169,0.011490455,0.0010804926,0.0024439963,0.0010631422,0.0010609049,0.0014730949,0.0016763989,0.0031276096,0.0020641612,0.004209062,0.0013767225,0.0017696916,0.002786069,0.12516454,0.014489039,0.6984573,0.054087438,0.00080035155,0.0017908902,0.003320489,0.016272435,0.0011878778
TAA_18_aug_14.npz,TAA,DA,False,0.69773567,0.0007911849,0.0009748033,0.0012006413,0.00079298724,0.69773567,0.00043414423,0.00027044228,0.0005494691,0.0017695896,0.00022986584,0.0008929526,0.00030645315,0.0013447885,0.00026747654,0.0028000853,0.0038822135,0.0042616227,0.00049848604,0.0008630338,0.00067926577,0.00045843204,0.000109679226,0.00038630734,0.000715588,0.008267747,0.0004448251,0.0018870996,0.0003242837,0.25655574,0.002342316,0.0029394052,0.00034506887,0.00091139885,0.00040969576,0.00016586439,0.0031913335
RA_1_aug_06.npz,RA,T_SHA,False,0.69756585,0.008126264,0.014090337,0.001895262,0.000549333,0.0069002667,0.00088254525,0.0048169927,0.001442723,0.004931358,0.00044046523,0.0036805947,0.0022535597,0.0013106436,0.0018275989,0.000824005,0.002289916,0.0014821473,0.00087431294,0.0013290069,0.0021571068,0.0041789394,0.0009217485,0.0019186144,0.0032362281,0.0013254666,0.0008924543,0.106781654,0.0021913073,0.001117256,0.0010051228,0.0004889001,0.0028350386,0.69756585,0.10765465,0.004401142,0.001381108
TAA_9_aug_04.npz,TAA,THA,False,0.6969088,0.0018800616,0.0014142622,0.0019018613,0.0020499097,0.0036650216,0.008861645,0.0013133623,0.003170195,0.00054568367,0.0010464499,0.002959349,0.0013034362,0.0025503435,0.001564559,0.012591539,0.0005599819,0.0015098987,0.00090251694,0.001232442,0.001009279,0.00097045716,0.0009688787,0.0014085813,0.0013706002,0.0022702867,0.001107823,0.0012349038,0.018184034,0.060300194,0.6969088,0.15682213,0.00045249827,0.0009833628,0.0011771882,0.0030222202,0.00078632304
BHA_25_aug_02.npz,BHA,RA,False,0.6966168,0.0017615439,0.21851261,0.0012487716,0.00016045618,0.002461052,0.00035877468,0.0010281926,0.0017348276,9.348221e-05,0.0003297631,0.0012415056,0.0013005396,0.00036938163,0.00323533,0.0004090556,0.0017059798,0.000780227,0.00051705353,0.0009929534,0.0068982723,0.0023933065,0.0047911936,0.0021029857,0.00054596557,0.00037229242,0.00033882094,0.6966168,0.02160255,0.0003863916,0.00056307105,0.00020929328,0.00042958223,0.0115137175,0.0014395427,0.010316775,0.0012378866
RA_24_aug_15.npz,RA,BHA,False,0.6960047,0.016754312,0.6960047,0.0012235134,0.00061570574,0.0036986796,0.0004782192,0.0013544441,0.001259191,0.00020770816,0.00070756004,0.002031742,0.0010516129,0.00068098126,0.0038023167,0.00078035885,0.0019224966,0.0016124847,0.000716655,0.0026519664,0.049958903,0.005675453,0.002293119,0.002053437,0.001463646,0.0010559754,0.0007245131,0.16524637,0.0070841014,0.00087344716,0.00074226304,0.00053031236,0.0009549706,0.015173894,0.003075584,0.004349803,0.0011896067
RA_14_aug_15.npz,RA,BHA,False,0.69483113,0.07905762,0.69483113,0.0012688986,0.000696157,0.0042649074,0.00056123495,0.0016897782,0.0011066617,0.0003886955,0.0008391952,0.002642406,0.0008247968,0.00058263633,0.0039166897,0.00083434576,0.002141235,0.0023823387,0.00089565176,0.001624294,0.058233835,0.004542935,0.0011866482,0.0016508171,0.002453372,0.0015946548,0.00090507977,0.07015983,0.003970137,0.0011449106,0.00079303444,0.000737683,0.0011225883,0.042644653,0.004740739,0.002545418,0.0010250978
T_SHA_10_aug_07.npz,T_SHA,BA,False,0.6917973,0.6917973,0.0146006495,0.0009539289,0.0011522848,0.0028649012,0.00015655342,0.0010233119,0.00061384984,0.0028402477,0.0005080818,0.0013024581,0.0011834026,0.0007983985,0.0021267186,0.00069417816,0.0015111496,0.0022978236,0.00048454694,0.00022298969,0.0030300464,0.00096393906,0.00032959276,0.00023890607,0.0023571542,0.0011673912,0.00064787036,0.001702334,0.0015272145,0.0011043556,0.0009873225,0.0005883238,0.0006696703,0.25555855,0.0008502531,0.00030678927,0.00083749194
DAA_6_aug_11.npz,DAA,TAA,False,0.68852484,0.0011884995,0.00090844074,0.0013841423,0.0017785133,0.18655102,0.0013971978,0.00027818186,0.00078457507,0.0013628027,0.0002373077,0.0014005824,0.00029147387,0.0018720508,0.00026118266,0.0025501442,0.002564301,0.0015245109,0.0009521685,0.0011768139,0.0010797589,0.00041062047,0.00012825998,0.00094045716,0.000885639,0.0674892,0.0007425123,0.0013968821,0.00031705233,0.68852484,0.0036644551,0.017351156,0.0003717047,0.0006533989,0.00055052916,0.0004021622,0.006627401
CHHA_11_aug_14.npz,CHHA,GHA,False,0.6877429,0.0051478865,0.0023574452,0.07335273,0.0022327008,0.003002926,0.0009898602,0.002754752,0.00071647984,0.0015683722,0.0027661985,0.6877429,0.00045197838,0.0029016687,0.004259368,0.0016397899,0.0011759129,0.002506291,0.0013011198,0.017913366,0.001515222,0.0013742559,0.003082529,0.0020257328,0.15234187,0.0008682048,0.00027470547,0.0007751882,0.004095655,0.0014949663,0.0031922113,0.0042311475,0.0035574134,0.0034272345,0.0019190953,0.0006500058,0.00039271443
CHHA_16_aug_12.npz,CHHA,LA,False,0.6860548,0.0075891092,0.0014803337,0.0062372833,0.17452972,0.0027419187,0.001696046,0.0005496937,0.0023905335,0.00043323459,0.001859182,0.013202987,0.002101999,0.061095115,0.00041755167,0.0013666723,0.0018982228,0.0017274412,0.0010296972,0.6860548,0.005936681,0.003988136,0.0010968364,0.0010192676,0.002619379,0.0027569097,0.0005271826,0.00046595297,0.0004077111,0.0013265564,0.00076682196,0.0026503073,0.002824041,0.0002272004,0.0016049346,0.0006965005,0.0026839622
BHA_12_aug_01.npz,BHA,MA,False,0.6859728,0.01175198,0.25755072,0.00042850387,0.0060270233,0.0007180913,0.0002335626,0.00066557975,0.00035489426,7.234683e-05,0.0010947653,0.00059625664,0.00018397928,0.0006722021,0.00079608196,0.0009607693,0.00054526597,0.000900449,0.0011311477,0.0029078354,0.6859728,0.0026056115,0.0076113036,0.0012759189,0.00043308735,0.0015584611,0.002111845,0.004131167,0.0010814604,0.00068030605,0.00021826838,0.00043872645,0.0011115647,0.0008318822,0.0005685886,0.00049636996,0.0012811156
TA_27_aug_17.npz,TA,NA,False,0.6831816,0.0013085406,0.004941718,0.0013990037,0.0019723591,0.0012973197,0.00026704985,0.0009096994,0.0018160902,0.00022718076,0.004835567,0.004764098,0.0022319946,0.0019203059,0.0013161394,0.08805253,0.0007524273,0.0017274013,0.0018780364,0.00013350786,0.006006723,0.0027050273,0.6831816,0.0020695452,0.0022640808,0.00017928185,0.0075026443,0.0010875021,0.15226726,0.0019525946,0.014862663,0.00041461585,0.00057380093,0.0010304819,0.0005177121,0.0007204266,0.00091316487
BHA_2_aug_12.npz,BHA,MA,False,0.6812476,0.0119039705,0.26230907,0.00043303304,0.005900972,0.0007219731,0.00023863224,0.0006654813,0.00034952312,7.2146824e-05,0.0010931054,0.0006019785,0.00018026879,0.00065623084,0.00078579027,0.00094935694,0.00053759734,0.0009013409,0.001150204,0.002911017,0.6812476,0.0026105389,0.0075640013,0.0012535743,0.0004324493,0.0015541712,0.00210728,0.004156067,0.0011007567,0.0006678949,0.0002177343,0.00044182534,0.0010957565,0.0008329974,0.0005724667,0.00050776615,0.001275492
PA_23_aug_20.npz,PA,TAA,False,0.6800837,0.0020125958,0.0014285248,0.0022080694,0.0029955518,0.10213324,0.0033530977,0.0004802397,0.0013313906,0.0017478274,0.0004985466,0.0026505298,0.0005099443,0.0023475464,0.00046569892,0.0038661005,0.0029779389,0.0015654489,0.0019656252,0.0019877478,0.0019300827,0.00075227156,0.00025573475,0.0018289642,0.0014667605,0.11539091,0.0011087253,0.0018012779,0.00054424675,0.6800837,0.0065099765,0.041301906,0.00061767444,0.0008975747,0.0008770036,0.0007991063,0.007308441
RA_4_aug_19.npz,RA,BHA,False,0.6788867,0.0083039915,0.6788867,0.001141346,0.00054067187,0.0024639864,0.0005434733,0.0009969281,0.0014670602,0.00012943175,0.0008991398,0.0018085291,0.0015071625,0.0007206412,0.0036740925,0.0009096754,0.0020867484,0.0017522381,0.00091866986,0.002266649,0.04333499,0.005032012,0.0063861436,0.0019421653,0.0009091134,0.00066315715,0.00076437596,0.1959475,0.014710188,0.00047997502,0.00060100696,0.0003611395,0.0008443202,0.0065599047,0.0016527119,0.006940984,0.0018531926
BHA_20_aug_13.npz,BHA,MA,False,0.67648065,0.021141931,0.26115957,0.0004255335,0.005975144,0.0008036118,0.0003138082,0.00067357597,0.00028927941,0.00010826709,0.0012181691,0.0006113728,0.00013870027,0.00058493257,0.0008974493,0.00095467275,0.00062334404,0.0010553441,0.0012642384,0.00255235,0.67648065,0.0023470705,0.0045339037,0.0011151327,0.00059131725,0.001889361,0.0017579568,0.0032328917,0.00071185466,0.00080307905,0.00021509154,0.00051755377,0.0013342198,0.0012412593,0.00090089906,0.0005010659,0.0010353397
HA_6_aug_10.npz,HA,LA,False,0.67548704,0.0015704099,0.0014378555,0.025325123,0.0022323993,0.0026689072,0.0042129555,0.0008600188,0.01680162,0.00036098142,0.00081211986,0.0030909302,0.0002594991,0.22689883,0.00026318268,0.00207152,0.0010112723,0.0018040191,0.0011182774,0.67548704,0.0027962,0.0008257058,0.0034638918,0.0063092685,0.00048849446,0.0041356483,0.00013641191,0.0010017451,0.0006654583,0.001518182,0.0013554863,0.0027492547,0.0019202548,0.00043793165,0.0014181166,0.0014922179,0.0009988198
DHAA_13_aug_16.npz,DHAA,HA,False,0.67013025,0.0041546267,0.0009296763,0.0014341488,0.0013503749,0.0031646818,0.0037099663,0.0010800037,0.2626582,0.0021879536,0.0009868908,0.00076250685,0.005991615,0.67013025,0.00045825713,0.0022634978,0.0016867127,0.001451441,0.00076536817,0.005515867,0.0005783923,0.00057456945,0.0037319288,0.0044407905,0.0005285719,0.0013288828,0.0008682726,0.0009168688,0.0027361906,0.0024511071,0.0016363288,0.0022790467,0.0019372728,0.0013059225,0.00027038925,0.0013189281,0.0024145541
DA_20_aug_15.npz,DA,KHA,False,0.67010474,0.0048241075,0.0019822866,0.0036333138,0.0012606261,0.24234013,0.0005513154,0.00095529994,0.00037564436,0.004251752,0.010041018,0.0020746973,0.0026668324,0.001294876,0.0023038685,0.0054832865,0.019994091,0.67010474,0.000831397,0.0017117991,0.0023673458,0.00077380694,0.00042999833,0.00018670128,0.0028609668,0.00038351055,0.00037413705,0.0008580052,0.00042912902,0.0057869777,0.0019692439,0.00057238765,0.0014702324,0.0020459094,0.001312263,0.00033880793,0.0011594923
M_SHA_9_aug_07.npz,M_SHA,DHAA,False,0.6654961,0.0050026434,0.0011180753,0.0012782265,0.0017914514,0.004082523,0.0045826505,0.0014243699,0.6654961,0.007375762,0.0017651793,0.0014050606,0.04745265,0.19933355,0.0010733675,0.0015736675,0.0025244355,0.0014476767,0.0011448117,0.0031759716,0.00048044018,0.0016491029,0.0038284056,0.0066566146,0.0011129046,0.0020132987,0.0014566557,0.0011566948,0.006972703,0.0033381917,0.003151734,0.004624563,0.0032617615,0.0019922582,0.00032045553,0.0016639759,0.0032721006
TAA_5_aug_15.npz,TAA,DA,False,0.664321,0.00087610283,0.0010769048,0.0013145116,0.0008960477,0.664321,0.0004788647,0.0003122118,0.00063509546,0.0019083398,0.00027940335,0.0010201284,0.0003526665,0.0014913961,0.00029881817,0.003552561,0.0037780567,0.0044731004,0.0005788199,0.00094875233,0.0007541895,0.00055389124,0.00013686392,0.00048135323,0.0007833734,0.008451474,0.00051144196,0.0019847841,0.0003886245,0.2859015,0.0029038272,0.0033672922,0.00039071502,0.000981388,0.000448335,0.0001768378,0.0031913887
TRA_3_aug_15.npz,TRA,D_SHA,False,0.6637545,0.0023184184,0.00049545674,0.0011876359,0.0028928525,0.002525598,0.0053245435,0.00052051584,0.0020871267,0.6637545,0.0038759976,0.0041877087,0.022940936,0.0015098248,0.0005131553,0.0012340217,0.0009189964,0.0012589511,0.0044655325,0.001299469,0.0010013938,0.010618578,0.00062420336,0.0011883995,0.0024973063,0.0009995605,0.0004926138,0.00066261576,0.0005366466,0.0027174628,0.0010145453,0.0014409259,0.17821209,0.015230714,0.05692572,0.0013485324,0.0011772725
D_SHA_19_aug_13.npz,D_SHA,M_SHA,False,0.661651,0.0032308043,0.0022406012,0.0009752216,0.0017290907,0.0050840094,0.0025956738,0.0004467861,0.0022868675,0.030006288,0.0014555142,0.0023378704,0.05230117,0.0022709358,0.00063034106,0.0032829186,0.0010349745,0.0012517198,0.012190248,0.0023219755,0.0013862307,0.661651,0.0008625199,0.0029053886,0.0018751436,0.00097101205,0.0048717298,0.0009561476,0.0005824008,0.00307516,0.0013811365,0.0013303626,0.18042085,0.004128307,0.002706008,0.00065460143,0.0025690284
WA_10_aug_12.npz,WA,TRA,False,0.6564966,0.0008785921,0.00030496053,0.0010080272,0.0027048376,0.00034321085,0.01904953,0.0013445049,0.00063203723,0.04176387,0.0024640206,0.0023897076,0.0031214007,0.0018648737,0.00051197165,0.0002995463,0.0005520081,0.0009565693,0.015115391,0.0024676316,0.0012236598,0.0050885174,0.00032211526,0.0007339284,0.0025391888,0.00079142244,0.0005138333,0.0011517798,0.00046372766,0.00095007557,0.0008123793,0.0007666864,0.6564966,0.004275522,0.22261827,0.002880824,0.0005988478
KSHA_3_aug_01.npz,KSHA,M_SHA,False,0.65588963,0.0008806676,0.0024022846,0.0014194195,0.0011310001,0.0015966895,0.0069985045,0.0024356719,0.0008436624,0.0010456939,0.00093465956,0.004434741,0.0017658425,0.0007830594,0.00052795495,0.003232151,0.0009842506,0.00020563246,0.16390143,0.0024093005,0.0019656527,0.65588963,0.0023058862,0.004119318,0.00092546875,0.0026064143,0.077423714,0.00087778235,0.0007110132,0.0023194978,0.0022007811,0.0022408373,0.027927307,0.0012277968,0.00081303896,0.00034401027,0.018169202
PA_14_aug_11.npz,PA,YAN,False,0.6557549,0.00085040275,0.0010592964,0.00035534782,0.0030173701,0.003871163,0.0031522138,0.0005228164,0.0022875264,0.0005724261,0.00043833905,0.0005251613,0.00039247633,0.0014814874,0.0015735754,0.0006653467,0.043835625,0.00014398314,0.0129257105,0.0017461742,0.0028264169,0.0008270247,0.00037322706,0.0008696621,0.00042935135,0.24135268,0.0072482866,0.0007656534,0.00043897575,0.004711661,0.00055502105,0.0021483726,0.00086028135,0.0006404205,0.00041134204,0.0003702869,0.6557549
TA_15_aug_10.npz,TA,THA,False,0.6516574,0.0011935841,0.0017829505,0.001564687,0.0009627625,0.0013689051,0.0039966297,0.001669173,0.0050533987,0.0003926919,0.0012908331,0.0030928643,0.002234169,0.0024773122,0.0032884583,0.0061265845,0.00054604013,0.0012123231,0.0005964191,0.00055920955,0.0007848881,0.0010404839,0.0026749182,0.0012238307,0.0038635943,0.0006606894,0.0011004256,0.0024723865,0.23205456,0.0073334323,0.6516574,0.029338581,0.00047483924,0.00097214285,0.00296554,0.021335518,0.00063773507
GHA_27_aug_14.npz,GHA,NGA,False,0.650861,0.0037620282,0.00081651047,0.011941028,0.0019348933,0.0012894602,0.00043616196,0.0019913411,0.00023456012,0.0011022518,0.0058999714,0.2881842,0.0008534503,0.000862513,0.0062337248,0.001190624,0.0006282356,0.002408551,0.00034342,0.0032718983,0.00053551,0.0017445524,0.0010682949,0.00041261327,0.650861,0.00023720013,0.00020371564,0.00021505622,0.0025953525,0.0005029855,0.0020834445,0.0017949267,0.0012259793,0.0015702797,0.0010301053,0.00042441406,0.00010983672
TA_27_aug_05.npz,TA,NA,False,0.64956826,0.001532094,0.010252044,0.00196478,0.001735584,0.0015075154,0.00028205893,0.0011895465,0.0022871594,0.00017841462,0.0035408295,0.0052503804,0.002496447,0.001577196,0.0015871733,0.05152219,0.0009249089,0.0017075083,0.002041782,0.00021238565,0.008038886,0.0033349346,0.64956826,0.0024130174,0.0019854119,0.00020224662,0.007753238,0.0027738973,0.21265298,0.0016124838,0.012741505,0.00043458346,0.0006035245,0.001383469,0.0005738053,0.0010536114,0.0010841377
NAA_20_aug_07.npz,NAA,LA,False,0.6486567,0.0015298913,0.0016216526,0.1185239,0.0011176051,0.003442241,0.0055705016,0.002097986,0.024784086,0.00054239406,0.0015108618,0.00435205,0.00030773677,0.109965846,0.00032433638,0.0027409897,0.0013197485,0.0025519014,0.0025141377,0.6486567,0.0031542068,0.0012509619,0.0081245415,0.027780835,0.0005827808,0.007168494,0.00018419235,0.0020207572,0.00096073595,0.001809016,0.0015859328,0.003094605,0.0019650771,0.0008585879,0.0022162676,0.0027493474,0.0010190316
NAA_8_aug_01.npz,NAA,NA,False,0.64838374,0.004097741,0.019445663,0.0055027325,0.007436234,0.002700061,0.0015003994,0.0042464193,0.004720125,0.0010423257,0.011949261,0.010891105,0.0058141667,0.004650768,0.0046916716,0.060088426,0.002337612,0.004284288,0.0067995503,0.0010663811,0.025163574,0.0053669787,0.64838374,0.007317878,0.004496981,0.001151255,0.01708165,0.005877213,0.089277074,0.0042295577,0.012058591,0.0015989066,0.0026964035,0.0040268083,0.0018748915,0.0023628909,0.0037706266
T_SHA_9_aug_07.npz,T_SHA,WA,False,0.64778376,0.0021432692,0.0010797286,0.0019675475,0.002078064,0.0031631638,0.0049734465,0.004268809,0.001824179,0.12835455,0.003310694,0.0044952775,0.0069546574,0.0029076096,0.0012005031,0.002036295,0.001184811,0.00264639,0.002742001,0.003639866,0.0013345582,0.0055870363,0.00053124793,0.0019489703,0.0030537262,0.0009444002,0.0008079228,0.0048701214,0.000924709,0.0018764721,0.0027944162,0.0011101514,0.056640435,0.082311146,0.64778376,0.0054645287,0.0010455138
D_SHA_7_aug_02.npz,D_SHA,GYA,False,0.646337,0.007646848,0.0027376986,0.0011887406,0.0025585778,0.0031924814,0.0042746575,0.0012576005,0.03960115,0.155524,0.015804524,0.0028823875,0.646337,0.00545744,0.0026580528,0.003349272,0.0031029028,0.004548262,0.0015707809,0.001137873,0.0012219627,0.030618243,0.0037089982,0.004606653,0.0048603634,0.0012101188,0.0029019776,0.0010493145,0.002442401,0.0022988429,0.0016112021,0.0022826986,0.019218734,0.009117589,0.0041034417,0.0018334092,0.002083823
THAA_7_aug_16.npz,THAA,DAA,False,0.6438043,0.0010101969,0.0008401493,0.0009216769,0.0020621796,0.00034134244,0.6438043,0.001539215,0.00079915504,0.0026054787,0.0029049031,0.0020090642,0.00078123255,0.0015490438,0.0012801421,0.0007527093,0.001932041,0.000668615,0.21288125,0.0017606204,0.0023065007,0.0028483386,0.0012927295,0.00119545,0.0009528572,0.013656693,0.0015501291,0.0010388225,0.0008829599,0.0019146871,0.0019483311,0.007245859,0.071096346,0.00080505473,0.004519425,0.0031129536,0.0031895346
BA_15_aug_05.npz,BA,D_SHA,False,0.64268833,0.0026414893,0.0005876244,0.0013912226,0.0035973345,0.00310747,0.006710487,0.0009842818,0.0031204834,0.64268833,0.0056047076,0.0048422636,0.025381317,0.0023000434,0.00073754496,0.0015595299,0.0013363532,0.0017931104,0.0042038155,0.0018203163,0.001214145,0.008853481,0.0008318639,0.0016411964,0.0030288897,0.0013112973,0.0006840155,0.0009876598,0.0007334899,0.0031004515,0.0013346772,0.0017151672,0.13523532,0.022979178,0.09861111,0.0018908476,0.0014393853
WA_26_aug_15.npz,WA,D_SHA,False,0.6410712,0.0017260129,0.00019531374,0.0006073011,0.001133115,0.0023627735,0.0011963326,0.0012355279,0.0008079117,0.6410712,0.0016287769,0.0016732307,0.008788851,0.0013932649,0.00042541808,0.0012756002,0.00044732707,0.0008598646,0.0008877677,0.0008884071,0.00020537118,0.003525436,0.00017232662,0.00046177374,0.0011339312,0.00030924866,0.00023284614,0.0008162868,0.0002552264,0.0008854442,0.00093669,0.0003535825,0.039231014,0.14092629,0.14074518,0.00071411254,0.00049118866
DHA_5_aug_14.npz,DHA,CHA,False,0.64103574,0.0015457028,0.001871645,0.64103574,0.00046718758,0.0040893354,0.00066893396,0.24356523,0.0025225293,0.0008031564,0.0009120952,0.0027810435,0.0005916837,0.0016770991,0.0047927042,0.0014349908,0.0011911329,0.002616305,0.0011759474,0.0054491335,0.0030978692,0.00089027936,0.008083884,0.031216674,0.01143487,0.00091823906,0.0015273097,0.0040333243,0.0026388802,0.0011194494,0.002936621,0.0010561129,0.002220461,0.0027019759,0.0031037745,0.0036748517,0.00015381798
GHA_9_aug_18.npz,GHA,LA,False,0.64046854,0.0024626858,0.0028461223,0.1661055,0.0020741634,0.0020924576,0.0020180815,0.001849349,0.0023450668,0.00074467884,0.0017442388,0.12236708,0.0003749656,0.009438252,0.0006405824,0.0009003239,0.0013123131,0.0018609462,0.0015429123,0.64046854,0.0027222792,0.0015245989,0.002062251,0.0025284644,0.0045875814,0.00290066,0.00021494999,0.0023535648,0.0009782711,0.00086757465,0.0010296368,0.006315868,0.0027459834,0.001207855,0.0022779326,0.0015995123,0.00089470774
HA_21_aug_13.npz,HA,LA,False,0.64009726,0.0020785683,0.0011281554,0.015429361,0.0041126087,0.0021857298,0.0028586816,0.0006234619,0.012368498,0.0002808514,0.0005856436,0.0026919765,0.0002500119,0.2860729,0.0002567377,0.0018195163,0.000881121,0.0012662201,0.0008498884,0.64009726,0.0023879358,0.00059269054,0.0022934875,0.0030829099,0.0004570899,0.0039052104,0.00012993063,0.00052834017,0.00055669044,0.0013935051,0.0014037844,0.0026670173,0.0014928237,0.00030779743,0.0008155738,0.001003581,0.0011444627
WA_15_aug_12.npz,WA,T_SHA,False,0.6389456,0.0070004994,0.0006466141,0.0010396386,0.0011001664,0.003094665,0.000729801,0.0039864294,0.0012565637,0.21839042,0.0016018412,0.0019637272,0.008545027,0.0020338623,0.0013506638,0.00210617,0.0008162279,0.001529504,0.0007763877,0.0007696665,0.00034308355,0.0024331713,0.0003627289,0.00078359345,0.0019062134,0.00054811814,0.00048117328,0.002706303,0.0006333819,0.00091261027,0.0017286947,0.00041884993,0.012245847,0.6389456,0.07492449,0.0010270078,0.0008612572
BHA_17_aug_17.npz,BHA,MA,False,0.63669384,0.028147787,0.2911871,0.00046054655,0.0058347383,0.0009463248,0.0004285415,0.00070560613,0.00029866563,0.00014138958,0.0014494063,0.00070523453,0.00014545447,0.00062029454,0.0010512554,0.0010088611,0.0007475643,0.0013113177,0.0015237954,0.0026901218,0.63669384,0.0026119982,0.003885543,0.0010814772,0.0007315763,0.0020721867,0.0016924933,0.0034073573,0.00072593195,0.00084228936,0.00023262078,0.0005917074,0.0015616437,0.0015526603,0.0012199748,0.0006286238,0.0010640932
BHA_18_aug_17.npz,BHA,MA,False,0.6365671,0.021913487,0.30468914,0.00037459392,0.0047845524,0.00077150215,0.00028299706,0.0005828288,0.00025050953,9.1985115e-05,0.0010903265,0.00056681543,0.00012707934,0.0004957107,0.00084639987,0.0007994744,0.00058653066,0.0010322975,0.001150177,0.002350713,0.6365671,0.0023585116,0.00373481,0.00094024837,0.0005424739,0.0015904711,0.0014316798,0.0034416872,0.0006710609,0.0006614574,0.00018192257,0.0004310643,0.0011915298,0.001226921,0.00085903454,0.00048694384,0.00089596125
JHA_15_aug_16.npz,JHA,TAA,False,0.63565433,0.0024300748,0.0025549321,0.0034557057,0.003373307,0.22811708,0.0015910844,0.00096948724,0.0023996148,0.0036701995,0.0014842522,0.003602668,0.001262284,0.0032201123,0.0007933886,0.01983319,0.00293489,0.0045297104,0.0023631784,0.0021685776,0.0023519266,0.0023521096,0.0009782746,0.003344573,0.0021186406,0.017354544,0.0019005259,0.0025503363,0.0019241367,0.63565433,0.015504394,0.014356111,0.0014436545,0.0014931952,0.0012185745,0.0004917376,0.004209225
TA_6_aug_04.npz,TA,THA,False,0.63526547,0.0008258696,0.0014064595,0.0013544894,0.00054999295,0.0016504,0.0011131518,0.0014343634,0.004064828,0.0002947911,0.0012535248,0.0023020399,0.0019552535,0.0016856168,0.0019847862,0.014740426,0.00041137886,0.000908941,0.00045051426,0.00027003593,0.00050260365,0.0010817266,0.004788954,0.0010365065,0.0029565725,0.00024392657,0.0009840159,0.0016677807,0.28735644,0.005911268,0.63526547,0.00994373,0.0002721247,0.00091626,0.0016426767,0.0063793585,0.00039369287
KA_13_aug_19.npz,KA,JA,False,0.63409644,0.0024379438,0.0028952402,0.001730408,0.0012832507,0.004758568,0.0013850547,0.021845888,0.001079597,0.0018378475,0.0023782903,0.0010664705,0.0017264634,0.0006036127,0.63409644,0.00022033903,0.2485618,0.013321192,0.0009932487,0.000904845,0.0018379956,0.00045266224,0.0027244708,0.0004560222,0.022754278,0.0018500765,0.0019532328,0.0024957818,0.004545239,0.00014229408,0.0010126142,0.0002454595,0.0017379745,0.0050013172,0.00292517,0.0028208415,0.003918123
WA_21_aug_19.npz,WA,YA,False,0.63289684,0.00045490757,0.0018231287,0.0026941102,0.00041276644,0.0008852533,0.024046805,0.0021786764,0.0010650967,0.0010633166,0.00069053395,0.0009282544,0.0012263679,0.001141657,0.0025051842,0.00020788095,0.0013459849,0.0017149608,0.001282705,0.0016613537,0.00090955367,0.0009392134,0.00036485636,0.0007403178,0.003019562,0.00069446204,0.0003535419,0.06806182,0.0034940867,0.00062054745,0.002354925,0.0013646819,0.0036108175,0.004541895,0.2284157,0.63289684,0.00028830077
BHA_9_aug_11.npz,BHA,CHHA,False,0.63166595,0.0696713,0.0074836873,0.0058002337,0.63166595,0.0043012286,0.008459454,0.0052357055,0.0060864664,0.0023708085,0.006775429,0.004973322,0.005801005,0.036463138,0.0039313994,0.0069072344,0.0059388634,0.004582013,0.006436762,0.025652826,0.051860336,0.0038865998,0.011292963,0.003243202,0.007296857,0.013958976,0.0075388486,0.0014708489,0.0032760645,0.00865599,0.0039558285,0.01209784,0.007688265,0.0023092944,0.0023539588,0.0038819767,0.0066953436
BHA_10_aug_17.npz,BHA,MA,False,0.62677014,0.019085703,0.3137547,0.0004127694,0.004956193,0.0008260298,0.00027149578,0.00064311357,0.0002995196,9.18514e-05,0.0011067133,0.0006117916,0.00016022133,0.0005629733,0.0009156392,0.00088491396,0.00061893865,0.0010500904,0.0011372266,0.0025967692,0.62677014,0.0026383076,0.0045669083,0.001105166,0.0005451672,0.0016075633,0.0015938283,0.0042212657,0.0008247294,0.0007147029,0.00020535738,0.0004420681,0.0012107856,0.0012312375,0.0008175359,0.00052199897,0.0009966464
BA_1_aug_04.npz,BA,T_SHA,False,0.6258367,0.3105941,0.0024698002,0.0014687139,0.0013057371,0.0032080184,0.00024007064,0.0018134936,0.0013001696,0.020836052,0.0008586727,0.0014986419,0.004028883,0.001479572,0.002181373,0.0014361704,0.001343463,0.0019405226,0.00047794636,0.00017398199,0.0005471645,0.00066824193,0.00048168233,0.00037772412,0.0016076738,0.00090377603,0.000588834,0.0015663519,0.0020381995,0.0011130457,0.0014973483,0.00057291624,0.0011056021,0.6258367,0.001119118,0.00036854632,0.000951767
THAA_16_aug_12.npz,THAA,TAA,False,0.6249637,0.001051176,0.000784445,0.0014373342,0.0025355665,0.020928822,0.0042627314,0.00058688293,0.0016541815,0.0007726391,0.0012294194,0.0031693538,0.0005105728,0.0018501641,0.00045058405,0.026762603,0.00033738097,0.0010458175,0.0017620053,0.0015729006,0.0009408445,0.0018005494,0.0005182477,0.00268639,0.0007590474,0.008344439,0.00084052945,0.00078721566,0.002334881,0.6249637,0.1546179,0.1259473,0.00047007194,0.0005463784,0.00048096525,0.00043965713,0.00081736175
DA_5_aug_15.npz,DA,TAA,False,0.6230699,0.0007247018,0.00079609844,0.0009928925,0.0010759769,0.32385105,0.00041793706,0.00027136045,0.0007462161,0.0013789602,0.00033627727,0.0010670661,0.00030650807,0.001567478,0.00020883376,0.008410213,0.0014128123,0.0022913143,0.0006929819,0.00081305986,0.0006425175,0.00071525335,0.00018953535,0.00082077656,0.00056254544,0.009224029,0.00060881616,0.0011902825,0.00045579614,0.6230699,0.005836483,0.0054740123,0.00034328358,0.0006588842,0.00034059118,0.00012591279,0.0023796277
JA_25_aug_11.npz,JA,DHA,False,0.62100065,0.0016575089,0.0033682382,0.009260815,0.0011847761,0.0013394495,0.0004207378,0.62100065,0.0007073208,0.00077924953,0.00050217146,0.0008098935,0.00076388166,0.0006253244,0.27698475,0.00028949374,0.012319981,0.001466306,0.00093251816,0.0012260877,0.0024099047,0.0006579648,0.0032336968,0.0023262408,0.022421774,0.0015235512,0.010970772,0.0036164655,0.003230032,0.00017535673,0.0014560436,0.00029296053,0.0015370587,0.0045984257,0.002685363,0.0016668861,0.0015583878
DAA_8_aug_11.npz,DAA,THAA,False,0.6199604,0.0010867132,0.0007080494,0.000639979,0.0027055938,0.0007172119,0.16606483,0.0002751203,0.0012097902,0.00042369674,0.00036335108,0.0028112442,0.00029734353,0.00069199846,0.0005849318,0.00030242375,0.0009440712,0.00014554523,0.0052625965,0.0022579797,0.0015896412,0.0003932827,0.00013504887,0.001216163,0.0006421842,0.13071623,0.0005954282,0.0004719832,0.0008909495,0.025932755,0.023296567,0.6199604,0.00067213195,0.00024195723,0.00064974633,0.002349737,0.0027533032
KHA_15_aug_14.npz,KHA,KA,False,0.61498755,0.004186466,0.0021178063,0.0014622553,0.001322494,0.013356544,0.001607658,0.006876137,0.0011406076,0.0022881667,0.0036818804,0.00090697303,0.0029291285,0.00062608236,0.24035981,0.00022409466,0.61498755,0.057375822,0.00086534274,0.0009240278,0.0018479727,0.00042402867,0.0013587718,0.00027073105,0.014510734,0.0014480145,0.0009757445,0.0018096996,0.0025959203,0.00018845934,0.0009208894,0.00024851473,0.0017550074,0.0060474533,0.003478509,0.0015539587,0.0033267334
BHA_26_aug_13.npz,BHA,MA,False,0.61395836,0.02668277,0.32248706,0.00039059727,0.004543658,0.000828937,0.0003123378,0.0005951369,0.00024270876,0.00010325004,0.0011081122,0.00059901667,0.0001216179,0.00046575934,0.0008932087,0.00078658154,0.00062371,0.0011020213,0.0012011719,0.0022904957,0.61395836,0.0023805704,0.0032054842,0.0009167354,0.00060576043,0.00168644,0.0013510641,0.0034890068,0.00063655747,0.00068693317,0.00018478172,0.00045547404,0.0012393916,0.0014643047,0.001002149,0.0005106127,0.0008481206
NGA_9_aug_12.npz,NGA,JA,False,0.6130089,0.0024907528,0.002939471,0.004313926,0.00099972,0.002758549,0.0009945724,0.032910924,0.00047257054,0.0016961849,0.0022435372,0.0038186188,0.0007332177,0.00071500236,0.6130089,0.00028097045,0.019428005,0.00678298,0.00067342096,0.00079675403,0.0015151576,0.00043859828,0.0025267983,0.0004382761,0.27365327,0.000748917,0.0009301669,0.00184675,0.006424349,0.00018510841,0.0016285992,0.00034271262,0.001874532,0.0029454397,0.0022777312,0.0035723106,0.0005931185
DAA_8_aug_14.npz,DAA,TAA,False,0.6119905,0.0024781707,0.00217632,0.002709939,0.0045364546,0.028301325,0.0075689093,0.0011135003,0.0037497398,0.0019836312,0.0022081267,0.0058390163,0.0015123201,0.0031444535,0.0010163913,0.023484224,0.0011629476,0.0019128333,0.0026651456,0.002489627,0.0024285414,0.0022658836,0.0010569453,0.0035162717,0.0019914852,0.018288774,0.0018699451,0.0017999412,0.003443425,0.6119905,0.09330221,0.15156555,0.0012054968,0.0010296593,0.001088421,0.0010477534,0.0020561612
NGA_19_aug_18.npz,NGA,GHA,False,0.6111141,0.003940484,0.000981645,0.015507688,0.002262384,0.0016589061,0.0006338961,0.0012329965,0.00040491117,0.0012582527,0.009696299,0.6111141,0.0009340482,0.0011574042,0.0045555136,0.0015999131,0.000861668,0.003277789,0.0005804418,0.0055987765,0.0006773211,0.0024897975,0.0016615026,0.0006601225,0.3118232,0.0002929945,0.00027047316,0.00025675035,0.0026502039,0.00074263854,0.002434023,0.003025807,0.0013724193,0.0023198514,0.0014254457,0.00046837959,0.00017197797
RA_16_aug_14.npz,RA,BHA,False,0.6078829,0.006184242,0.6078829,0.001289712,0.00043232233,0.002409272,0.00047359985,0.0010248363,0.0016922359,0.00011673116,0.00074661634,0.00189041,0.0017204059,0.00064118707,0.003714833,0.0008311203,0.0020299251,0.0014519186,0.0007927267,0.0020024793,0.03118173,0.0045641963,0.006985065,0.002205029,0.00083902315,0.0006108598,0.00068947574,0.27594596,0.019441439,0.00046450028,0.00064687384,0.0003394379,0.00072938536,0.0072996924,0.0014641862,0.007442427,0.0018232765
TRA_5_aug_08.npz,TRA,KSHA,False,0.6055553,0.0011080301,0.0007026624,0.001198252,0.001894566,0.00024811833,0.16448326,0.0018094694,0.00032118818,0.0020393413,0.0018644109,0.0018811522,0.0004520864,0.0008433581,0.00090183935,0.0007276423,0.0010538449,0.00034274586,0.6055553,0.0011536017,0.002278506,0.0053457012,0.0014627727,0.0010808741,0.0008373016,0.007238723,0.0022569413,0.00079620414,0.0007162312,0.0012766053,0.0012293055,0.0026868137,0.17518091,0.0007084024,0.0027046567,0.0013678907,0.0042512296
RA_14_aug_18.npz,RA,BHA,False,0.6038279,0.031514704,0.6038279,0.0015778592,0.00050539564,0.00534122,0.00053834246,0.0018076404,0.0014928089,0.00034211055,0.000590271,0.0025431938,0.000915087,0.0005440279,0.0043015145,0.0006692188,0.0023795888,0.001811735,0.0007243102,0.002071646,0.03717875,0.0052287625,0.0013688095,0.002657224,0.0021354642,0.0014564415,0.00065660605,0.21493144,0.0055129053,0.0012840369,0.00087041967,0.00066959637,0.0010968599,0.050277594,0.006327389,0.0038715936,0.0009775516
THAA_25_aug_16.npz,THAA,THA,False,0.60355943,0.0026887357,0.0021418566,0.0028543044,0.0025860847,0.010655785,0.005016928,0.001666988,0.004175271,0.0009105508,0.001941974,0.004335579,0.0018467103,0.0030461468,0.0016865069,0.049696784,0.000816698,0.0025192262,0.0012587868,0.0016687663,0.0014095256,0.0018460605,0.0016147913,0.0022320831,0.0017331123,0.0027320709,0.0017660725,0.0016842622,0.016751403,0.15036848,0.60355943,0.10623543,0.00067457766,0.0016434696,0.001380536,0.0017281452,0.0011268036
NA_1_aug_19.npz,NA,JHA,False,0.6018276,0.0011249041,0.0019657968,0.0011111122,0.0018009755,0.0016247276,0.0002420874,0.0010820718,0.0013738428,0.000820555,0.012143259,0.0028233156,0.0031172761,0.002863924,0.0008840751,0.6018276,0.00047268477,0.0025766212,0.0014678478,0.000120711244,0.0030793257,0.0021185027,0.25834504,0.00272937,0.0028466266,0.00019348042,0.004069898,0.00033073538,0.046285972,0.0044907425,0.032367304,0.000534714,0.00037081676,0.0009017007,0.00082004844,0.00044505266,0.00062729034
M_SHA_2_aug_02.npz,M_SHA,GYA,False,0.6017895,0.0024497984,0.003026074,0.0008455158,0.0010776332,0.0014275349,0.002172757,0.0013095505,0.08284776,0.01107102,0.012298239,0.0012686215,0.6017895,0.0018786544,0.001302263,0.0012309417,0.0012565098,0.0022670657,0.00081050274,0.0011921745,0.00084555976,0.2097328,0.0020771876,0.025074085,0.0020851733,0.00041435694,0.0061787036,0.001471746,0.0019654136,0.0012937194,0.0015942671,0.0022815259,0.005265913,0.0020126035,0.002378221,0.0026905988,0.0011160532
DHA_8_aug_11.npz,DHA,JA,False,0.60076314,0.0019238899,0.0040939352,0.004405363,0.0014074869,0.0011459074,0.000429483,0.2908064,0.0005882293,0.0008923953,0.00051885494,0.00095656485,0.0007481357,0.0005108415,0.60076314,0.00021745055,0.023698002,0.0014048717,0.0007828201,0.0010758354,0.0021250716,0.0005189108,0.0024883752,0.0013451604,0.025508398,0.0019199272,0.008058577,0.0032611678,0.003971925,0.00013790517,0.0013673605,0.00029346926,0.0012522334,0.004573129,0.0020940036,0.0018890424,0.0028256653
T_SHA_9_aug_20.npz,T_SHA,D_SHA,False,0.5998686,0.019505782,0.0005868146,0.00085312716,0.0012537964,0.002528204,0.0009478147,0.0019931495,0.0020361762,0.5998686,0.0028115448,0.0017455464,0.020201221,0.0023316063,0.0017437753,0.0024046344,0.0008202316,0.0012908068,0.0006562654,0.00032907928,0.00024769193,0.0016168109,0.00048326657,0.0006056927,0.001874423,0.0005827334,0.00049244065,0.000886544,0.0007687776,0.001225045,0.0015944786,0.00077357906,0.010113862,0.30401996,0.009489729,0.00055417034,0.00076261454
KSHA_17_aug_16.npz,KSHA,M_SHA,False,0.59941894,0.002076418,0.0052321753,0.0020921826,0.001995203,0.0023736956,0.008751355,0.0052123736,0.002442471,0.0018003699,0.0022846523,0.00593626,0.0042735524,0.0015728546,0.0014835066,0.0060265744,0.002149125,0.0006033953,0.11674848,0.0031309214,0.0042567537,0.59941894,0.0048010275,0.008166581,0.0020601568,0.004117114,0.13321418,0.0016577048,0.0015709045,0.0036226427,0.0037132173,0.0035577551,0.027099079,0.002299128,0.0015720526,0.0008123788,0.021874787
BHA_20_aug_08.npz,BHA,MA,False,0.59652424,0.035373088,0.32130527,0.00054228486,0.005462353,0.0011012444,0.0004521377,0.00079853076,0.0003266821,0.00016778476,0.0013996125,0.0008098764,0.00015749238,0.0005803025,0.001214763,0.0010548243,0.0008515869,0.0013904136,0.0015263347,0.0026419745,0.59652424,0.002741482,0.0035313761,0.0012386524,0.0008789034,0.0023897782,0.00165784,0.0041681887,0.0007611688,0.000996328,0.00026266972,0.0006599062,0.0016374711,0.002222435,0.0014889033,0.0006712571,0.0010128337
THA_7_aug_04.npz,THA,THAA,False,0.59543043,0.0019154971,0.0012666526,0.0016737388,0.0026700038,0.0023961735,0.035038456,0.00085874915,0.0022572288,0.000588244,0.0006481548,0.0030915826,0.00089214445,0.0017484257,0.0010956911,0.0023537255,0.00067338976,0.00080975937,0.0011422705,0.0016056028,0.0011880465,0.000588044,0.00031824727,0.0011385233,0.0011851727,0.010774872,0.00076174067,0.0011362374,0.005050245,0.07069061,0.24182782,0.59543043,0.00045078385,0.0005563954,0.00090588524,0.004224796,0.0010466805
BHA_25_aug_07.npz,BHA,MA,False,0.5942715,0.010824155,0.32638088,0.0007154674,0.0061408626,0.0010151352,0.0003401532,0.0009159715,0.000653382,9.0991576e-05,0.0013775023,0.00097202224,0.00035954022,0.0009084791,0.0011603722,0.0013156886,0.00080929435,0.0011765684,0.0015915371,0.00390009,0.5942715,0.003802793,0.014390424,0.0020522845,0.0005367124,0.0019488421,0.00289361,0.0090106195,0.002628923,0.00079791265,0.0003384799,0.0005857206,0.0013123647,0.0011287346,0.00068393926,0.0009446025,0.0020243851
DA_9_aug_18.npz,DA,MA,False,0.59413743,0.019642444,0.068212844,0.0056263735,0.07996268,0.0014840466,0.007987585,0.0028642707,0.0015909559,0.0021193675,0.016121853,0.006650309,0.001081481,0.0040273145,0.0018384818,0.0066254023,0.0018337154,0.004280775,0.015743496,0.009095257,0.59413743,0.0036661702,0.072448604,0.0050035156,0.0020168766,0.006692744,0.013835003,0.0027602538,0.00364026,0.0035185118,0.0010339941,0.005339389,0.016177487,0.0016262482,0.0030149587,0.0024306525,0.005869274
TAA_25_aug_19.npz,TAA,DA,False,0.59368193,0.002414056,0.003111199,0.0039133863,0.0024104249,0.59368193,0.0011487858,0.0010276571,0.0014435381,0.004865945,0.0016640212,0.003167818,0.0012600962,0.003292554,0.0008313388,0.01919392,0.005313153,0.012280086,0.0018225987,0.0024412964,0.0022667632,0.0022132965,0.0007819017,0.0016274697,0.002162143,0.007807777,0.0014037663,0.0034707733,0.0014826664,0.28712702,0.009277337,0.0060188626,0.0013836784,0.0021859747,0.0013137392,0.0004139243,0.0037791785
JA_19_aug_01.npz,JA,NGA,False,0.59349984,0.0037162625,0.002979179,0.005219134,0.001101753,0.0037110916,0.0017931459,0.010669792,0.0004550371,0.0026716013,0.0077296244,0.008179631,0.001104572,0.0011214797,0.28677738,0.00047951756,0.015225375,0.019110035,0.0007444216,0.0010760984,0.0016381014,0.00070582656,0.0031850832,0.0003082349,0.59349984,0.00058434496,0.00067512045,0.0014423223,0.0073040724,0.00024777552,0.0016458905,0.00049391406,0.0024460843,0.0026783706,0.00310319,0.005634781,0.00054181536
TAA_23_aug_20.npz,TAA,DA,False,0.5921093,0.0024556527,0.0025813903,0.003536098,0.0023858682,0.5921093,0.0008361048,0.00096413743,0.0010773444,0.0040929266,0.002260816,0.002946785,0.0011396831,0.003668888,0.0006756744,0.038500812,0.0042678304,0.018092673,0.0016919412,0.0023214493,0.0018874077,0.0022814353,0.0007836394,0.0012849638,0.0016418645,0.0050781965,0.001262731,0.0025153041,0.0012002478,0.2736835,0.010310623,0.0046946253,0.0011413782,0.0022260626,0.00113585,0.0002884259,0.002978369
T_SHA_24_aug_16.npz,T_SHA,BA,False,0.59196436,0.59196436,0.005443504,0.0010819616,0.0011387408,0.0030469229,0.00014031483,0.001248323,0.0008322542,0.005656547,0.0005013605,0.0011054603,0.0017932865,0.00095310004,0.0020179322,0.00080069056,0.001327396,0.0019576338,0.00040257274,0.00016431524,0.0010955916,0.00065937423,0.00029685226,0.00025030074,0.0018877485,0.0008917365,0.0004986644,0.0014222035,0.001729696,0.0011946108,0.0012914053,0.0005477715,0.00066376285,0.3643651,0.00064359634,0.0002670626,0.0007178819
PA_23_aug_07.npz,PA,TAA,False,0.5897256,0.004004313,0.0029688864,0.0043557724,0.0053867386,0.12674758,0.005592797,0.00105916,0.002612772,0.0036454662,0.0011077366,0.004721018,0.0011937617,0.0041473405,0.001071195,0.006842486,0.005989805,0.0031332357,0.0034261963,0.0033848982,0.0037522938,0.0015196494,0.00066597253,0.0035798284,0.0030541986,0.12413984,0.0022698294,0.003417524,0.001246264,0.5897256,0.009557427,0.0467431,0.0014088961,0.0019242842,0.0018823128,0.0016142663,0.012107558
THAA_10_aug_19.npz,THAA,DAA,False,0.58945495,0.0009202836,0.00075338065,0.00069141906,0.003087012,0.00042459255,0.58945495,0.00052070856,0.0011934817,0.000641404,0.0006684182,0.0022606396,0.00041607948,0.0011568323,0.001066756,0.00037323777,0.0015863195,0.00018048177,0.01658987,0.0025036633,0.001983582,0.000636955,0.0003473929,0.0013631863,0.00073607103,0.08942635,0.00071533007,0.0006292341,0.0011111305,0.010303375,0.017336844,0.24110065,0.002186741,0.00034320785,0.001224002,0.003548651,0.0025177181
NAA_8_aug_02.npz,NAA,TA,False,0.58918613,0.0040037436,0.025738481,0.0057012197,0.002663561,0.0072724326,0.0019584333,0.003589607,0.0101997275,0.0012100054,0.0060416777,0.013896024,0.0077436934,0.0056736395,0.0058843726,0.03597045,0.0034272561,0.003781474,0.0034064048,0.0011463667,0.0068947966,0.010142841,0.11506484,0.0039995075,0.008457375,0.0007314154,0.008934025,0.020123089,0.58918613,0.004070812,0.050262447,0.0029056761,0.0024481667,0.0063355197,0.005035101,0.012744754,0.0033548104
TA_6_aug_11.npz,TA,THA,False,0.5884934,0.0009565267,0.0016379482,0.0014001825,0.0006683398,0.0014526433,0.0017532404,0.0014925183,0.0046670237,0.0003021775,0.0012549264,0.002663068,0.0021440287,0.0018339732,0.0025550288,0.008953236,0.00047385928,0.0010355755,0.0005049505,0.00033469425,0.0006209161,0.0010965733,0.004068523,0.0011032452,0.0036361967,0.00035582672,0.0010424999,0.0021477307,0.3254541,0.0057490044,0.5884934,0.013667632,0.0003533797,0.0009225302,0.002215008,0.0124942735,0.00049519475
TRA_9_aug_19.npz,TRA,GYA,False,0.5874422,0.0052341,0.0028103772,0.0012836786,0.002084884,0.0045005227,0.0040468946,0.00076576695,0.027605744,0.12434868,0.011795309,0.0031093566,0.5874422,0.0041584168,0.0016746707,0.0033856537,0.0023766656,0.0040238486,0.002278067,0.0016133507,0.0012994333,0.12858304,0.0023623807,0.0053074067,0.0035150996,0.0011669773,0.0040836595,0.0008969729,0.0016410147,0.002871867,0.0017203846,0.0023243153,0.032627042,0.0073231943,0.0058697937,0.0017785854,0.0020906373
GHA_9_aug_09.npz,GHA,NGA,False,0.5867232,0.0050443434,0.0014842737,0.0315746,0.0021223153,0.0020479423,0.00059690466,0.0037471473,0.0003285547,0.0015494443,0.0028976982,0.31873953,0.00059406663,0.0015703406,0.007970152,0.0012605081,0.00086533214,0.0023615987,0.00057281833,0.0062104827,0.0009272872,0.0011570681,0.0016319595,0.0007990297,0.5867232,0.0004710815,0.0002032537,0.00043368852,0.0038538254,0.000784594,0.0026388068,0.0020833225,0.002497666,0.0021234027,0.0013656087,0.0005763346,0.00019193326
TA_23_aug_02.npz,TA,THA,False,0.5866818,0.0009064643,0.0017589838,0.001740828,0.000581385,0.002830322,0.00060319965,0.0017796122,0.003970136,0.00044852015,0.001875041,0.0024786056,0.0024515847,0.001964439,0.0016501872,0.056546118,0.00049824634,0.0010609968,0.0005544903,0.00024718393,0.00059668807,0.0016950041,0.012560681,0.0013171827,0.0030420106,0.00017369747,0.0014839999,0.0015483613,0.288829,0.0067359814,0.5866818,0.0052755205,0.00026402075,0.0012963188,0.0014292558,0.002707453,0.00041668574
T_SHA_7_aug_02.npz,T_SHA,D_SHA,False,0.58523124,0.0029757007,0.00020753552,0.00063397153,0.0009824922,0.0021980072,0.0007922404,0.0017407461,0.00081477844,0.58523124,0.0015201393,0.0014308483,0.009506468,0.0015927565,0.000620737,0.0015218285,0.0004385594,0.0009231584,0.00063451385,0.0007011448,0.00015989684,0.0024950618,0.00017226626,0.00042576983,0.0011808417,0.00029821962,0.00024129533,0.0008562849,0.0002813335,0.0007645096,0.001178132,0.0003291309,0.022447594,0.26749492,0.08611858,0.00061700394,0.0004723162
PA_23_aug_09.npz,PA,TAA,False,0.5846499,0.0027088146,0.0019006571,0.0028998908,0.0039384575,0.09326017,0.0055289757,0.0006376962,0.0016800815,0.002223703,0.0006150836,0.0035209018,0.00067510246,0.0027193828,0.0006616424,0.0037269455,0.004459724,0.0017192585,0.0026466215,0.002719371,0.002731129,0.00087901496,0.00031886587,0.00225842,0.001881384,0.18722041,0.0014342016,0.0022414145,0.0006436984,0.5846499,0.0065099923,0.055737514,0.000801589,0.0011988608,0.0012624295,0.0012605834,0.010728091
CHA_5_aug_17.npz,CHA,GHA,False,0.58385843,0.003791609,0.0025912935,0.23292525,0.0015966155,0.0029206327,0.0015636279,0.002313094,0.0010913056,0.0011985772,0.0021856846,0.58385843,0.0003429073,0.0037478,0.0016413307,0.0014264998,0.0010254557,0.0023410341,0.0015832813,0.08392417,0.0018233331,0.0014426186,0.003778803,0.0042622522,0.030035453,0.0014905195,0.00021734573,0.0013643586,0.0027056246,0.0014131651,0.0024874494,0.007715951,0.003167271,0.0026634007,0.0017960675,0.0010789285,0.0004888185
M_SHA_27_aug_19.npz,M_SHA,DHAA,False,0.5809154,0.0007238401,0.00205415,0.0027490372,0.00029690278,0.0012306537,0.002038155,0.0014337619,0.5809154,0.0023422525,0.0035309242,0.00097316515,0.028468426,0.006752954,0.0005751189,0.0012784593,0.0012428078,0.0010197555,0.001073386,0.004134315,0.00078789104,0.02512282,0.006864552,0.29842216,0.0005153845,0.0015103138,0.0025122303,0.00255832,0.003516803,0.001982417,0.0016194296,0.0018497615,0.0017409687,0.0011211728,0.002165904,0.0026973807,0.002179002
TRA_8_aug_07.npz,TRA,M_SHA,False,0.58040494,0.0056546573,0.0040358054,0.00160539,0.002516534,0.006718674,0.004180998,0.00068508193,0.0032693315,0.039218962,0.0023334518,0.0036358812,0.055244993,0.0027378553,0.0010646116,0.0048966715,0.001620244,0.0019184477,0.01754883,0.0027580971,0.0026684334,0.58040494,0.001467199,0.0045874524,0.0027229725,0.001612023,0.0068399077,0.0014887599,0.00095795625,0.0049757357,0.0022920861,0.0025905874,0.21179684,0.0056601716,0.003317212,0.0011368216,0.0038363629
NAA_5_aug_12.npz,NAA,CHA,False,0.57863986,0.0016864965,0.002352878,0.57863986,0.0004894857,0.004415481,0.002545123,0.02115527,0.019319134,0.0009284728,0.0013331352,0.0027411792,0.0005682329,0.010941739,0.0014432841,0.0032738424,0.0017051263,0.0030667929,0.0024798783,0.02787032,0.0031747513,0.0013723671,0.022350892,0.24820073,0.0012262509,0.0022722252,0.0009285985,0.0071936497,0.0034496603,0.0020677205,0.0030765315,0.0016471901,0.0024218592,0.0033874966,0.0031588597,0.006449693,0.0006658608
YAN_16_aug_19.npz,YAN,KSHA,False,0.57841843,0.0006869085,0.0007114512,0.0005505153,0.0025218395,0.0009849649,0.008644322,0.0015719181,0.00092059927,0.00074222847,0.0010005274,0.0016893002,0.00048555824,0.0015461472,0.0008012143,0.001930606,0.004665718,0.00012120672,0.57841843,0.0022045376,0.0027256003,0.03503239,0.0025515787,0.0016708138,0.0003803819,0.019721743,0.03176859,0.0005058868,0.00045497777,0.0021821551,0.0013052076,0.0016146532,0.014108969,0.0006072882,0.0004953709,0.00019943248,0.2744769
RA_13_aug_03.npz,RA,T_SHA,False,0.5774525,0.003616415,0.010415812,0.0015805359,0.00046653475,0.006212143,0.001186133,0.005103261,0.0014025713,0.0069096424,0.0005000655,0.0027841027,0.0024056712,0.0013842934,0.0017180706,0.00089696446,0.002232887,0.0014471924,0.0008488426,0.0016568218,0.0016434275,0.004842772,0.0008897653,0.0021729437,0.0027170137,0.00089470006,0.0006788623,0.12743686,0.0017944241,0.0008568846,0.00092497346,0.00038029518,0.0040199403,0.5774525,0.21339239,0.006040311,0.0010940443
YA_16_aug_18.npz,YA,TA,False,0.57428664,0.0005599012,0.0042430335,0.0018536944,0.00049988856,0.0007815293,0.002879976,0.0021230518,0.0049063447,0.00018714517,0.0004730363,0.0021078957,0.0017326687,0.00095723383,0.0031264706,0.00053508295,0.0006744179,0.00069001626,0.0005628651,0.0005687005,0.0012205285,0.0010707136,0.00265484,0.0010702863,0.004866901,0.00073842856,0.0011205892,0.026248218,0.57428664,0.0010215465,0.056017775,0.005665568,0.00062997633,0.0011439563,0.008264118,0.28352937,0.0009875782
WA_22_aug_04.npz,WA,D_SHA,False,0.57367957,0.0018082495,0.00018953744,0.00073522143,0.0013274966,0.0023561495,0.0013801884,0.001495528,0.0008411796,0.57367957,0.0017733629,0.0019397708,0.008645421,0.0016382182,0.00044930776,0.001228844,0.00048368794,0.0010161059,0.0010542795,0.0011204326,0.00023413311,0.0036566681,0.00017799485,0.0005245406,0.0012604309,0.0003545645,0.00026134262,0.0008944155,0.0002797343,0.0009656776,0.0010975148,0.00039633104,0.04622281,0.14360103,0.1954977,0.0008834878,0.0005289789
NAA_20_aug_04.npz,NAA,LA,False,0.5721225,0.001420896,0.0015956508,0.21606292,0.0009115602,0.003386494,0.005781322,0.0029004887,0.023819156,0.0006008841,0.0014464889,0.0045367815,0.00032169843,0.075814575,0.00034564262,0.0024688565,0.0014575808,0.0027141278,0.0022399726,0.5721225,0.003141347,0.000996248,0.0102318665,0.038672574,0.000633534,0.0068718726,0.00020606241,0.0024816259,0.001041997,0.0015556818,0.0015905255,0.0029797421,0.0018022663,0.0010133123,0.002540629,0.0033017958,0.0009912815
NAA_24_aug_14.npz,NAA,CHA,False,0.5718253,0.0027993496,0.0039321748,0.5718253,0.0010362505,0.007403541,0.0040418687,0.03492918,0.019568868,0.0018719789,0.002840355,0.0052672885,0.0011723423,0.010655974,0.0030666112,0.0053983736,0.003372309,0.005400402,0.004421885,0.030545311,0.005894652,0.0025119807,0.030222597,0.18254963,0.0026098418,0.0033794015,0.0017733565,0.009299099,0.005512522,0.0031809425,0.0049332567,0.0028857118,0.004693804,0.0054154643,0.00571405,0.008775307,0.0010990264
WA_26_aug_13.npz,WA,D_SHA,False,0.56938964,0.0017900738,0.00021295271,0.00069690164,0.0011943161,0.0024705634,0.0012921263,0.0014674867,0.00082393904,0.56938964,0.0016874439,0.0018345753,0.008254137,0.0015345175,0.00046034012,0.0013581421,0.00048119857,0.0009868612,0.0009784122,0.0010620351,0.00023070705,0.0036908765,0.00017689884,0.0005109654,0.0012162743,0.00033147098,0.0002528091,0.0009755169,0.0002800535,0.0009097523,0.0010852052,0.00036735553,0.041836623,0.158655,0.19010627,0.0008720267,0.00052654836
CHA_5_aug_04.npz,CHA,GHA,False,0.56925404,0.0044993004,0.0028784333,0.24641827,0.0016871451,0.0039897626,0.0015378327,0.0032857158,0.0011555119,0.0015599851,0.0024358714,0.56925404,0.00041302585,0.0039807037,0.0023223944,0.0015493752,0.0011525239,0.003148038,0.0015199729,0.05705285,0.00211704,0.0013937717,0.0042885463,0.004743293,0.048162475,0.0014711276,0.00025040298,0.0013491362,0.0034226552,0.001807824,0.0030437242,0.0072688395,0.0037434718,0.003211233,0.0022497668,0.0011995627,0.00043633254
WA_15_aug_18.npz,WA,YA,False,0.55854344,0.0011940675,0.0046186107,0.0052948287,0.0010399036,0.0021286951,0.029009368,0.0044868886,0.0025375662,0.00229767,0.0014806075,0.001957982,0.0027197567,0.0023639023,0.0049932683,0.00066537654,0.002854678,0.0033716424,0.0024578583,0.0032121192,0.0023727627,0.0021375588,0.001085148,0.0017986877,0.00605516,0.0015861886,0.0010105729,0.1006307,0.007238119,0.0015631235,0.0047605126,0.002852196,0.006203695,0.008931357,0.2137339,0.55854344,0.0008119546
TA_4_aug_07.npz,TA,RA,False,0.55791324,0.0007502561,0.03934397,0.004608,0.0004212384,0.0037311062,0.0018769162,0.0052126246,0.0036978065,0.000232217,0.00039244498,0.0024100288,0.0018312532,0.0012814632,0.003610972,0.0007277632,0.0020189048,0.0009807883,0.001297919,0.0018772277,0.0034810435,0.0031708505,0.0077364743,0.0020737206,0.0017072518,0.00054808316,0.0017104722,0.55791324,0.19568206,0.00078020466,0.0058923727,0.001020015,0.0010175593,0.008172379,0.008013676,0.12273334,0.0020443927
BA_17_aug_11.npz,BA,CHHA,False,0.5574014,0.35866725,0.0012934208,0.0011601615,0.5574014,0.0017971444,0.0013037773,0.0021720224,0.0016105166,0.0015955035,0.0017489088,0.0007964067,0.0023163909,0.021488808,0.0010143234,0.0024479893,0.0012836675,0.002228125,0.0016675659,0.0025890023,0.010412624,0.0005058336,0.0018053881,0.00035812406,0.0024560713,0.003036413,0.0018317336,0.00013406528,0.0008477555,0.0035521241,0.0012247508,0.002598817,0.0018044699,0.0025343904,0.00024167242,0.00064610597,0.0014271012
D_SHA_22_aug_16.npz,D_SHA,GYA,False,0.5573819,0.005057298,0.00051405287,0.00033601272,0.0013622078,0.0012581613,0.0015773943,0.00044580092,0.012404629,0.35887,0.0061449516,0.0012875847,0.5573819,0.0029348612,0.0011420773,0.0011485844,0.0011117434,0.002150707,0.00041396046,0.0003068811,0.00019387362,0.007835784,0.0009164289,0.00080741826,0.0021398882,0.0002758534,0.0005687388,0.00025753787,0.00062802865,0.00076637015,0.00050210796,0.0006784052,0.015229859,0.010712528,0.0016046232,0.0004084268,0.0006253055
YAN_14_aug_13.npz,YAN,PA,False,0.55733925,0.00131189,0.0012615918,0.0004911981,0.005450758,0.0026344473,0.010850659,0.00093967037,0.003726521,0.0007898369,0.0010057382,0.0011130755,0.0006157101,0.0025511764,0.00184731,0.0017641342,0.019491533,0.00012628944,0.051817495,0.002864588,0.005015886,0.0014348007,0.0009626028,0.0017519512,0.0006542048,0.55733925,0.007817842,0.0007255921,0.0009705264,0.009401795,0.0017444204,0.0074871057,0.0024544604,0.0008079244,0.0007036561,0.0004810951,0.28959334
THAA_16_aug_10.npz,THAA,TAA,False,0.5569144,0.0012372015,0.00083730416,0.0014471906,0.0027494994,0.014710534,0.010733922,0.00042998025,0.0013383438,0.0007023721,0.000680372,0.003296416,0.00041348528,0.0014153419,0.00039793798,0.0052379575,0.00057543855,0.0006413919,0.0022708469,0.0019455838,0.0012798187,0.001030386,0.00023940997,0.0020200852,0.0008555077,0.045438275,0.00065144384,0.0008455625,0.0009860634,0.5569144,0.053999875,0.28105873,0.00042853574,0.0003819399,0.00047716635,0.00083493313,0.0014967812
YAN_24_aug_13.npz,YAN,KA,False,0.5518959,0.0027252052,0.0030840682,0.000675306,0.0036362987,0.0056802346,0.0017945371,0.003140279,0.0028012982,0.0012701591,0.00079421146,0.00052244804,0.0020547693,0.0016805056,0.01955212,0.0007393657,0.5518959,0.0021256318,0.0039023918,0.0014670084,0.0039927633,0.0012919083,0.001828566,0.0009816306,0.0012180354,0.027431022,0.019626066,0.0019924152,0.0011651713,0.00083946425,0.0004603452,0.00058330974,0.0012390687,0.0020154743,0.00095141004,0.00085841975,0.32398328
THA_8_aug_11.npz,THA,PA,False,0.5504777,0.0018291771,0.0019944957,0.0013389785,0.005976439,0.0016623373,0.17909332,0.001004485,0.0019975053,0.0014085502,0.001944322,0.0038945805,0.0006413397,0.0017844451,0.0021702945,0.0018074675,0.0056831255,0.00022689918,0.08206855,0.0065108063,0.005881465,0.002116208,0.0010696627,0.0031999913,0.0014187862,0.5504777,0.0019177916,0.0011163024,0.0013403028,0.0219291,0.0066118357,0.07057967,0.0058844476,0.00071910286,0.0014604161,0.0018502016,0.019389901
BHA_14_aug_17.npz,BHA,MA,False,0.5500427,0.030187273,0.37827286,0.00046024387,0.004205407,0.0010155911,0.00036229112,0.0006765344,0.00028755493,0.00012374036,0.0011945618,0.0007147194,0.00015479603,0.00050154293,0.0010972108,0.0008671287,0.0007499827,0.0012874793,0.0013003123,0.0025083104,0.5500427,0.002837133,0.0032268646,0.0010414519,0.00071712246,0.0017940871,0.0013564756,0.004762811,0.00078036595,0.0007657754,0.00021735262,0.0005005528,0.001354817,0.0018893667,0.001216499,0.00063952117,0.00088959804
RA_16_aug_05.npz,RA,BHA,False,0.5492269,0.0053493325,0.5492269,0.0013100543,0.00036241903,0.00248704,0.00043797868,0.0010326726,0.0017055266,0.00011511086,0.00064528093,0.001855166,0.0016657219,0.0005854275,0.0038004199,0.0007360479,0.0019845075,0.001280887,0.000717421,0.0018227068,0.024215871,0.00415766,0.006220888,0.0022492083,0.0008259919,0.00059383176,0.0005898306,0.3421582,0.020237586,0.00047365486,0.0006612943,0.00032553246,0.000670085,0.008488638,0.001501782,0.007775873,0.0017334846
BA_15_aug_19.npz,BA,D_SHA,False,0.547701,0.10121322,0.0012227657,0.0015830919,0.0030317605,0.004306406,0.0016911834,0.0023304154,0.005999303,0.547701,0.0049308934,0.0031317177,0.05111553,0.005357495,0.002919892,0.0041162022,0.002127462,0.0025798106,0.0010956792,0.00033937785,0.00041015234,0.0015995059,0.0012842007,0.0009930658,0.0028349692,0.0010690055,0.0009347077,0.001096375,0.002074612,0.0023558664,0.002183719,0.0017705575,0.009186578,0.22095966,0.002298838,0.00064712437,0.0015078507
BA_15_aug_03.npz,BA,D_SHA,False,0.54667664,0.036971096,0.0022511058,0.002178254,0.0032114817,0.005739704,0.0030891267,0.004131737,0.006132448,0.54667664,0.0070001073,0.0046932846,0.036961164,0.0056547555,0.004510433,0.005716572,0.00256247,0.0032410128,0.0019515168,0.00091413694,0.0010765655,0.0038598692,0.0018706576,0.0019226681,0.0046270113,0.001822106,0.0018172226,0.0024232683,0.0024241374,0.003423079,0.0036532243,0.0025667597,0.017903434,0.2501388,0.012970698,0.0015813974,0.0023320639
THA_6_aug_19.npz,THA,TAA,False,0.54448456,0.0015321056,0.0011780842,0.001968854,0.0028160003,0.023441607,0.0039455686,0.00085937436,0.0023631614,0.00094586686,0.0016762133,0.003916905,0.00080671796,0.002348813,0.00068825256,0.04693981,0.00049321743,0.0015446671,0.0018269046,0.0017721547,0.0012048365,0.0022392564,0.0008775835,0.0031117918,0.0010554901,0.0066851564,0.0012171572,0.0010863075,0.0041115903,0.54448456,0.2206753,0.10843554,0.0005944787,0.00087879365,0.00069804565,0.0005762435,0.0010035589
TA_12_aug_09.npz,TA,NA,False,0.5441615,0.0013835668,0.006709505,0.0015887616,0.0013291885,0.0016436744,0.00024366386,0.001059381,0.0022518788,0.00019520214,0.003364255,0.0047717607,0.002516579,0.0016588566,0.0014378336,0.07843583,0.00087310496,0.0017096873,0.0015030991,0.00014617924,0.004761237,0.0032624463,0.5441615,0.0018065725,0.0023901607,0.00014726503,0.007176779,0.0018205211,0.2916193,0.0017311954,0.023642747,0.00048147843,0.00046782993,0.0012030266,0.0005853049,0.0010861233,0.0008344712
BHA_13_aug_05.npz,BHA,RA,False,0.5439826,0.004893981,0.35716018,0.001387882,0.00028166085,0.0036836097,0.00036743117,0.0014115204,0.0017871177,0.00016590525,0.00039298614,0.0015624859,0.0013315175,0.0004886999,0.003801999,0.000516658,0.001951565,0.0010868757,0.00047983616,0.0015398221,0.015287971,0.0036986652,0.0027965195,0.0025045152,0.000931075,0.000617506,0.00045346824,0.5439826,0.011016964,0.00071621453,0.0006885545,0.00033755152,0.00066398975,0.021749,0.0026447957,0.0066223675,0.0009963759
T_SHA_6_aug_09.npz,T_SHA,D_SHA,False,0.54279995,0.0043857847,0.00024481255,0.0006152656,0.00086119835,0.0019561243,0.00064994395,0.002047277,0.0008969024,0.54279995,0.0015750536,0.0012683121,0.01057256,0.0016176909,0.0008358958,0.0016731624,0.00043004472,0.0009520159,0.0005110098,0.00052918354,0.00014699115,0.0018783734,0.00018822512,0.00042386755,0.0012454062,0.0002935706,0.00024938464,0.00086933916,0.0003137561,0.0007004886,0.0013036742,0.0003345103,0.01510345,0.34894356,0.052566443,0.0005644493,0.00045241005
DAA_4_aug_01.npz,DAA,TRA,False,0.53865445,0.0009704961,0.00061549566,0.0009130132,0.0018659096,0.00022577799,0.16216163,0.0013845265,0.00031343673,0.004346366,0.0016718808,0.0019067158,0.00072270655,0.0012652562,0.0008789296,0.00039217138,0.00095438265,0.0005954559,0.24553142,0.0013825283,0.0018483546,0.004910734,0.0009219193,0.0005944403,0.0012660444,0.0027196493,0.0013901059,0.0011799459,0.00067914795,0.00092775334,0.0008754108,0.0017693915,0.53865445,0.0009244223,0.008599412,0.0023904901,0.0022501694
CHA_5_aug_13.npz,CHA,GHA,False,0.538257,0.005454977,0.0035174375,0.25278172,0.0019854333,0.0051767128,0.0017192401,0.0046655885,0.0013116556,0.0021143416,0.0028048246,0.538257,0.0005274806,0.0043968647,0.0033098967,0.0017531934,0.0014315903,0.004104504,0.0016736565,0.046112526,0.002634483,0.0014737668,0.0050163986,0.0054296795,0.067344144,0.0016394508,0.0003224049,0.001555845,0.00436988,0.0023086516,0.0037497922,0.0074615786,0.0046787285,0.0038969629,0.0030611074,0.0014621054,0.00049640896
WA_21_aug_05.npz,WA,T_SHA,False,0.5378495,0.0024303403,0.0017146814,0.0010017216,0.00057745684,0.0040617287,0.00090510136,0.00478621,0.00090690283,0.05258416,0.00073855737,0.0026003332,0.003911634,0.0014536714,0.0008685522,0.0013811167,0.001040543,0.001155032,0.0008651602,0.0011878264,0.00060637406,0.0037395458,0.00036888762,0.0009837843,0.0022256754,0.000537695,0.00053802464,0.014088809,0.00074019004,0.0007604181,0.0011955134,0.00031360143,0.010746695,0.5378495,0.337971,0.0023287016,0.0008348839
KSHA_7_aug_11.npz,KSHA,TRA,False,0.5368045,0.01196255,0.006046733,0.0040246686,0.008929867,0.0069434107,0.015924066,0.0018439259,0.0027126323,0.103995524,0.0045459787,0.009992143,0.016362567,0.0039938516,0.002912747,0.006999107,0.003425057,0.0030800756,0.053154103,0.0047791256,0.009048784,0.09206304,0.0034747266,0.0059850984,0.007059124,0.0059525925,0.0052330205,0.0035074805,0.0021251927,0.011375085,0.0044968748,0.006716958,0.5368045,0.011744719,0.012508526,0.0029954128,0.0072807004
BHA_20_aug_01.npz,BHA,MA,False,0.5351197,0.047896307,0.36908367,0.00058748346,0.0048993947,0.0012522363,0.00048305528,0.00089054956,0.00033268525,0.00019266606,0.0013927,0.0008962833,0.00017476009,0.00056084956,0.0014294914,0.0010407609,0.00095487235,0.0015495421,0.0015505397,0.0023017055,0.5351197,0.002666872,0.0029802762,0.0010793887,0.0010134354,0.00244176,0.0016397946,0.004780025,0.00081064936,0.0010189817,0.00028152892,0.00069577806,0.0015837172,0.003128114,0.0015514214,0.0007664154,0.00097257097
HA_9_aug_10.npz,HA,DHAA,False,0.5340618,0.00424276,0.0010400147,0.0013308575,0.0013803913,0.0036429106,0.004183508,0.0012471688,0.5340618,0.004051343,0.0012650238,0.0010146509,0.017847072,0.3756837,0.00072357914,0.0017992203,0.0021111204,0.0013770836,0.0009306238,0.0041192733,0.0004979,0.00096813176,0.0038128453,0.006013704,0.00072607293,0.0016222112,0.0011021713,0.0010839258,0.0047625382,0.002908183,0.0023912273,0.0033079032,0.0025333264,0.0016486987,0.00029394272,0.0014971542,0.0027778975
THA_15_aug_19.npz,THA,TA,False,0.5338144,0.0017209485,0.0038587363,0.0019667498,0.0012438579,0.0013199683,0.0048007383,0.0022248682,0.008109877,0.00046501495,0.0016582619,0.004473952,0.0036409523,0.002264809,0.006007405,0.0032210276,0.0009932905,0.0015718669,0.0008152799,0.0006031208,0.0014986757,0.0015079026,0.004565277,0.0017583136,0.0083255675,0.0010661976,0.0016484568,0.0065224473,0.5338144,0.0045574554,0.27714747,0.019528903,0.0008615947,0.0014474111,0.005899366,0.077712595,0.0011772746
WA_12_aug_06.npz,WA,D_SHA,False,0.53121036,0.0022628137,0.0001912121,0.00070282957,0.001067799,0.002501151,0.0008901509,0.0017252899,0.0007301583,0.53121036,0.001402305,0.0015773729,0.007807638,0.0016599271,0.00051199226,0.0015346584,0.00045704865,0.0009890174,0.00074863527,0.0009634754,0.00017622038,0.0031240934,0.00015461705,0.0004324737,0.0011443769,0.00030076006,0.00024530388,0.00096662017,0.00027231424,0.0007898787,0.0012324313,0.00031358167,0.028947372,0.24978344,0.15192159,0.0007558331,0.0005053339
DAA_22_aug_17.npz,DAA,KSHA,False,0.5307598,0.000919978,0.00061312097,0.0007379922,0.002989564,0.00046411145,0.2174218,0.0011704727,0.0008072381,0.0009788931,0.0017389654,0.001452313,0.00029273526,0.0011634476,0.0008420141,0.0013050153,0.002817156,0.0001130589,0.5307598,0.0030276105,0.0029718531,0.0032183598,0.0014029313,0.0024193113,0.0004083462,0.16034923,0.0020504866,0.00043586575,0.00051045686,0.004532244,0.0030312408,0.013169652,0.013903467,0.000568929,0.0013066523,0.0004981319,0.019607497
THAA_1_aug_01.npz,THAA,DAA,False,0.528763,0.0009850741,0.00081898406,0.0007201092,0.003250534,0.00046634427,0.528763,0.0004943127,0.0012279355,0.0006543355,0.0006712166,0.0025027758,0.00040340016,0.0010930534,0.0010390297,0.0003997083,0.0016370381,0.00016540059,0.017863672,0.0027627402,0.0021648507,0.0006641417,0.0003436499,0.0014239411,0.0007538217,0.11470622,0.0007400146,0.00060364226,0.0011423039,0.011867715,0.017799731,0.27209055,0.0021857074,0.00033088587,0.0011229961,0.003085471,0.0030557571
TRA_23_aug_16.npz,TRA,KSHA,False,0.5279977,0.0012901821,0.0005851855,0.0012335997,0.0021203202,0.00027366346,0.060044497,0.0016836097,0.00019998623,0.002751638,0.0014426884,0.0020287575,0.0004924514,0.0008493309,0.0007355757,0.00069825386,0.00076281757,0.00036091605,0.5279977,0.0012149134,0.0020041638,0.0086153895,0.0011608927,0.00092900294,0.0010547155,0.004228229,0.0020147394,0.0007346642,0.0005263245,0.0012742436,0.00097472616,0.0015241358,0.3593976,0.0009425964,0.0033310114,0.00086768914,0.003653789
DAA_4_aug_10.npz,DAA,TRA,False,0.5279385,0.0009867385,0.0005979702,0.0009230105,0.0017962424,0.0002204763,0.13533567,0.0013531783,0.00027120294,0.0039112074,0.0015460533,0.0018531278,0.00063369353,0.001116271,0.0008077639,0.00040350814,0.00088319636,0.0005303655,0.28669116,0.0012692981,0.0018224198,0.0051476466,0.0009178693,0.00058448996,0.0011687046,0.0027283921,0.0014260008,0.0010594229,0.0006215096,0.00091058353,0.0008274444,0.0016291336,0.5279385,0.00087526295,0.0068878196,0.0019074386,0.0024173034
YAN_14_aug_17.npz,YAN,KA,False,0.52650195,0.002418043,0.0030128595,0.0012211616,0.003981624,0.0225432,0.0024511633,0.0018593315,0.002699927,0.0017624123,0.0008649705,0.0008019514,0.0017811814,0.002071111,0.010252137,0.000657586,0.52650195,0.002511521,0.0041535515,0.0021875594,0.004219228,0.0011425007,0.00077539554,0.0008522826,0.0014766584,0.058048148,0.006609103,0.0027644588,0.00087056984,0.0025004772,0.0005257927,0.0012131096,0.0013588825,0.002326413,0.0010933288,0.00090127473,0.3195891
DA_9_aug_15.npz,DA,KHA,False,0.52576584,0.007973415,0.003226187,0.005315995,0.0035033994,0.21010937,0.0022848921,0.0021510911,0.0012697908,0.00859387,0.007421175,0.0037848065,0.0073355166,0.0027775608,0.012250049,0.001331933,0.13956662,0.52576584,0.0014317402,0.0026547331,0.0043866015,0.0013145003,0.0010886046,0.00053190126,0.010046631,0.0015140352,0.0010010282,0.0026152348,0.0011534429,0.00629481,0.0020502172,0.0015546707,0.0051258947,0.004088714,0.003703681,0.0013698975,0.0034121536
THA_20_aug_05.npz,THA,JHA,False,0.52471685,0.0014275591,0.0012904186,0.001793965,0.0015459969,0.019327879,0.0006367808,0.00092750875,0.0015460837,0.0007052838,0.0023611786,0.0026390143,0.0009795128,0.0032995313,0.00058000814,0.52471685,0.00043497712,0.0022011688,0.0010562232,0.0007747822,0.0010219302,0.0030607616,0.004817509,0.0024258774,0.0009778304,0.0009921115,0.0018629422,0.00068766426,0.011157125,0.11698135,0.27440444,0.009636333,0.000268623,0.0015398418,0.0006999328,0.0003408993,0.00088014605
T_SHA_16_aug_03.npz,T_SHA,BA,False,0.5237733,0.5237733,0.2409541,0.0012616798,0.0017155048,0.004459286,0.00060259347,0.001843994,0.00093949167,0.0012653333,0.0012058119,0.003120074,0.001076251,0.0009650157,0.0039698244,0.0011755764,0.0032145674,0.0047772583,0.0014704498,0.00087165105,0.045817178,0.0031124316,0.0009889377,0.0006693948,0.0039456063,0.0023870044,0.0016668872,0.010140162,0.002437973,0.0013765563,0.0009268145,0.0010242023,0.00158007,0.11859368,0.0038460973,0.001242739,0.001582541
NGA_9_aug_09.npz,NGA,JA,False,0.5194518,0.0038183732,0.004369117,0.004924531,0.0014153969,0.005119103,0.0028918437,0.016992139,0.0008359296,0.0037195322,0.009551557,0.006389707,0.0015645992,0.0013791971,0.5194518,0.00061614544,0.03352651,0.024230633,0.0013151144,0.0012960343,0.0025875503,0.0008728003,0.005544463,0.00057516195,0.308428,0.0010179199,0.0012511399,0.0022478497,0.00958729,0.0003008658,0.0019751086,0.00055159786,0.0033772904,0.0039721844,0.0050869053,0.008070709,0.0011458965
WA_8_aug_14.npz,WA,T_SHA,False,0.51732457,0.002716978,0.0016463454,0.0011192836,0.00069815665,0.004462399,0.0010099261,0.004814319,0.0010275574,0.06451164,0.0008518415,0.0028364786,0.004496223,0.0016675958,0.0009257788,0.0015569859,0.0011032404,0.0013052599,0.0009719415,0.0013602682,0.000666364,0.0042390884,0.0003818239,0.0010445275,0.0024503074,0.000614397,0.000599653,0.012639087,0.00078448874,0.0008875504,0.0014004102,0.00037014892,0.012696398,0.51732457,0.34135658,0.0025105819,0.0009518326
BHA_7_aug_04.npz,BHA,NA,False,0.51693815,0.004022399,0.13748088,0.00719353,0.0044638645,0.0017864921,0.00095745944,0.0020493527,0.0028395397,0.00018528967,0.0026319404,0.007994287,0.0021954016,0.0013280741,0.0020500976,0.008146973,0.0015928146,0.0017400527,0.0059635327,0.0027530282,0.116177164,0.005454303,0.51693815,0.009529428,0.0011164532,0.0017656435,0.010766112,0.040150702,0.08124439,0.0013279273,0.0017253773,0.0007916337,0.0017844096,0.0027479955,0.0010426173,0.004527273,0.00553535
CHA_21_aug_02.npz,CHA,GHA,False,0.51607573,0.0034968203,0.002662541,0.2658711,0.0016239826,0.0026190137,0.0017429561,0.0021544907,0.0012651758,0.001062296,0.0020987776,0.51607573,0.000340842,0.0043213577,0.0013188261,0.0013982138,0.0010594261,0.002138345,0.0017495585,0.12893379,0.0018619788,0.0015368197,0.003940516,0.0044110063,0.019492691,0.0017795037,0.00023381099,0.0017010631,0.0024450778,0.0013050627,0.0021458303,0.008204634,0.003007375,0.0024693138,0.0016831044,0.0012407381,0.00060825975
HA_6_aug_16.npz,HA,LA,False,0.51566344,0.0038205907,0.0012272189,0.011384864,0.011689156,0.0025381518,0.0029065618,0.0007313865,0.011792141,0.00037647868,0.000662502,0.0031297707,0.00046438575,0.39961722,0.0004120188,0.0024621838,0.0012259298,0.0013412494,0.0009023368,0.51566344,0.002927924,0.00062323647,0.0022945567,0.0018776313,0.0006987456,0.004458868,0.00023828735,0.00046174886,0.00071485696,0.0017988496,0.0020875877,0.0035486787,0.00175019,0.0003704822,0.00072705914,0.0011053464,0.001968315
TAA_15_aug_18.npz,TAA,THAA,False,0.51214576,0.0013757753,0.0010062268,0.00088028115,0.0035741245,0.0011922352,0.1607972,0.00037515236,0.0015700073,0.00063514116,0.0005535121,0.0037084806,0.00038886824,0.0008756501,0.0007507986,0.000519542,0.0014421755,0.00018791377,0.008961561,0.0033221275,0.0023999359,0.0006162302,0.00020907544,0.0017524572,0.0008353085,0.22274058,0.00085763645,0.00063387136,0.0010090712,0.03575964,0.019673998,0.51214576,0.0010521669,0.00033805615,0.00083083997,0.0023406385,0.004687909
RA_19_aug_11.npz,RA,BHA,False,0.51042956,0.007551174,0.51042956,0.001268384,0.00034630302,0.003583045,0.00036173186,0.0013078789,0.0014713625,0.00015719607,0.00045424007,0.0016567791,0.0011631201,0.00049839437,0.0036981897,0.00055084104,0.0018472953,0.0011934529,0.00053325057,0.001817963,0.024248777,0.004327411,0.0025709812,0.002263384,0.0010262658,0.00071228854,0.000489496,0.384632,0.0095430575,0.0007191339,0.00064864376,0.0003583665,0.000710195,0.018738218,0.0025915545,0.0055097644,0.0010201748
PHA_6_aug_13.npz,PHA,YAN,False,0.5099118,0.0010199422,0.0016446314,0.0008542363,0.0038396358,0.002097969,0.0038902925,0.004431927,0.0029852197,0.0009190679,0.0010373361,0.0017391116,0.0013590392,0.0018307834,0.002268028,0.0026627649,0.01281922,0.00029697723,0.12271117,0.0023670068,0.0037821291,0.049126215,0.005890828,0.0034815732,0.0007819847,0.01677388,0.22246371,0.0009620191,0.0012485723,0.0026402925,0.0016117004,0.0014554411,0.006782271,0.0010628056,0.00080251944,0.00044788842,0.5099118
BA_22_aug_14.npz,BA,CHHA,False,0.50980276,0.38644892,0.0021521852,0.0014977715,0.50980276,0.0013999568,0.0007529077,0.0017538773,0.00091560854,0.0008998699,0.001236138,0.0008494014,0.00093170424,0.009247067,0.0006907409,0.0023553008,0.0013541828,0.0013252231,0.0021213824,0.0033209363,0.039397053,0.000553747,0.0031530662,0.00051008456,0.0022220036,0.0076887417,0.0021746801,0.00011498567,0.00073943735,0.003643196,0.0010172279,0.0028067883,0.0017646183,0.0025978028,0.00028611335,0.00037662534,0.001897887
BHA_24_aug_15.npz,BHA,MA,False,0.50880295,0.022083757,0.4278389,0.00043563964,0.0035431392,0.0009851538,0.00027110326,0.0006434028,0.00031233032,9.3593175e-05,0.0010229545,0.0006834085,0.00019196802,0.0005044581,0.0010616987,0.0008173129,0.0006919386,0.0011735022,0.0010693946,0.0025895627,0.50880295,0.0031766857,0.0037159305,0.0010902096,0.00059644115,0.0014384332,0.0012950412,0.0063946093,0.00096236623,0.0006716929,0.00020795666,0.0004021745,0.0011530705,0.0016313314,0.0009411939,0.00062395626,0.00088277925
YAN_28_aug_19.npz,YAN,PA,False,0.5049875,0.0009141543,0.0009848947,0.00036026275,0.0038667035,0.0027432241,0.0068735722,0.0006106219,0.0025974764,0.0005513019,0.0005586608,0.00071278407,0.00036584464,0.0018170301,0.001427769,0.0009967928,0.023261761,9.310178e-05,0.030099604,0.0022022603,0.0035945335,0.0009335896,0.00051179744,0.0011252953,0.0004540291,0.5049875,0.006500628,0.0006507419,0.00058899075,0.0075182337,0.0010292081,0.0049100234,0.0013472479,0.0006024923,0.00048267667,0.00038284945,0.38334236
PA_22_aug_03.npz,PA,TAA,False,0.5044296,0.001257236,0.0008326248,0.0013696904,0.002129112,0.05505335,0.0047899764,0.0002537348,0.0007164711,0.0009250116,0.00019939989,0.0019134223,0.00023672424,0.0012495157,0.0002651635,0.0012127855,0.0025613431,0.00059390545,0.0015635116,0.0017750984,0.0014793278,0.00031793304,8.347738e-05,0.0009284713,0.0007256322,0.33559406,0.0006446534,0.001019401,0.00019369095,0.5044296,0.0029782113,0.061674986,0.00029165245,0.0005008464,0.0006103482,0.0007517419,0.008877943
RA_20_aug_16.npz,RA,TA,False,0.5029724,0.0007529797,0.057951067,0.002807117,0.00029844255,0.0034446234,0.0005218422,0.0026247522,0.004052419,9.677957e-05,0.00025797254,0.0028406007,0.0012272676,0.0007245576,0.0031244552,0.0007991651,0.0015475149,0.00043926234,0.0009200378,0.0010284319,0.0030357034,0.003071486,0.014835578,0.0019283431,0.0010526438,0.00035112427,0.0015035406,0.34388584,0.5029724,0.00060352136,0.0064993165,0.00066892244,0.00048059915,0.006524658,0.0018641358,0.023492746,0.0017702476
NA_18_aug_12.npz,NA,NAA,False,0.5028676,0.0034694006,0.0054863244,0.194615,0.0011120207,0.008871705,0.0047776406,0.045588348,0.0439771,0.002493005,0.0034640941,0.0038457538,0.0021669283,0.014306889,0.004809297,0.0072549726,0.005041814,0.005422332,0.0054851007,0.015735528,0.00594765,0.0047944756,0.034293637,0.5028676,0.0019428926,0.0042550815,0.004273031,0.012917679,0.0071924096,0.0051869946,0.005744201,0.0028113027,0.0052346634,0.009077996,0.0060801855,0.0074603693,0.001996572
KA_25_aug_18.npz,KA,JA,False,0.5009122,0.0016103631,0.0017573034,0.0009244349,0.000825692,0.004347446,0.000867359,0.012327249,0.0005903063,0.00094057096,0.0011714613,0.00047841904,0.0011902184,0.00034015474,0.5009122,9.295766e-05,0.42537472,0.012871404,0.00059145555,0.00059806346,0.0011389662,0.00024314654,0.0011869703,0.00016799726,0.011735499,0.0013757801,0.0012456757,0.0016183496,0.0020593833,6.3927626e-05,0.00046786046,0.00011836689,0.0009250042,0.0032054954,0.0016350013,0.0014707912,0.0035299947
MA_8_aug_16.npz,MA,CHHA,False,0.50005734,0.03818351,0.016999539,0.001244572,0.50005734,0.00070008944,0.0016395748,0.0012193345,0.0007837482,0.0003131779,0.0025004512,0.0013510797,0.00046977404,0.005012008,0.0004928987,0.0015970733,0.0009764897,0.0011531038,0.0029745887,0.012617209,0.37410134,0.0015011359,0.0080875745,0.0013068832,0.0013621848,0.0049658623,0.0026078466,0.00038373994,0.0006576412,0.0021976708,0.00046265055,0.0030148071,0.005557825,0.00035702315,0.0010299709,0.00045205525,0.0016682468
NAA_8_aug_12.npz,NAA,PHA,False,0.49880967,0.005611301,0.009360637,0.0054227673,0.008315397,0.005037952,0.007327005,0.020684067,0.013549206,0.0029083213,0.0050423583,0.0063551604,0.010862852,0.0042177932,0.007673376,0.0087000625,0.012464065,0.0027498733,0.03201296,0.0049826815,0.0152844265,0.12248973,0.020854512,0.026310673,0.0052813482,0.013263196,0.49880967,0.003108784,0.0072946437,0.007877077,0.0072656153,0.0063036326,0.011383064,0.0036605757,0.003904173,0.0034002985,0.070230745
D_SHA_22_aug_09.npz,D_SHA,GYA,False,0.49732685,0.0037723049,0.00068292534,0.0003497795,0.0011350861,0.0013479062,0.001849933,0.00040487232,0.012216395,0.40606973,0.007739787,0.0013365254,0.49732685,0.0023295672,0.0011922653,0.0011242781,0.0011451489,0.0021499328,0.0005300341,0.00036605084,0.0002920294,0.0131383035,0.0010019233,0.0009997424,0.002146575,0.00031760975,0.00068467046,0.0002918292,0.0006153202,0.00082598755,0.0004983982,0.00072056626,0.020428978,0.0109971175,0.0027933754,0.00048234596,0.0006958369
JA_27_aug_06.npz,JA,DHA,False,0.4960311,0.0018411599,0.0038799448,0.0057078972,0.0014347393,0.0011332181,0.00039530848,0.4960311,0.0006951225,0.00082941214,0.00051580375,0.0007961502,0.0008311161,0.0005962778,0.39777684,0.00026421217,0.017276874,0.0013945035,0.00090593303,0.0011770984,0.0023527187,0.000661759,0.003174664,0.0021288719,0.01875105,0.0017427913,0.015212552,0.0034229308,0.0035200615,0.00015446791,0.001381713,0.0002656855,0.0013964099,0.0052120225,0.0026878195,0.0015968824,0.0028548578
RA_9_aug_04.npz,RA,BA,False,0.49561968,0.49561968,0.18381798,0.002582856,0.004148607,0.007931056,0.0022220595,0.003984116,0.0022930515,0.0036372559,0.0034970473,0.005676702,0.002164979,0.0030158986,0.007580103,0.0031533488,0.0059772166,0.009398069,0.0037208735,0.0019225628,0.05643191,0.0049717645,0.0023772486,0.0014803477,0.007629987,0.005104317,0.004404962,0.011946838,0.0046653254,0.0030112213,0.0024124393,0.0029020642,0.003445838,0.12164714,0.0077576106,0.0034314827,0.004036024
GHA_15_aug_08.npz,GHA,NGA,False,0.4950377,0.0037298333,0.000821342,0.009341791,0.0022588512,0.0014923388,0.0006109213,0.001325053,0.0003138107,0.0013621536,0.017669642,0.42822418,0.0015592658,0.00072874094,0.005907445,0.0014852213,0.0008227432,0.0046435306,0.0003976135,0.0033330275,0.00058964133,0.003079119,0.0012608848,0.0004274153,0.4950377,0.00020719765,0.00029694897,0.0002033533,0.0023188866,0.0005495812,0.0021732473,0.0026953018,0.0009982842,0.0018426916,0.0015612477,0.0006082802,0.00012261768
KA_8_aug_11.npz,KA,JA,False,0.49434108,0.0019537504,0.0014578375,0.000896308,0.0007700484,0.0059750136,0.00097263674,0.009396345,0.0006804356,0.0011823742,0.0019317945,0.0005403628,0.0014365341,0.00037125679,0.49434108,0.00010622888,0.41544664,0.026499161,0.0004773676,0.00059449597,0.0009736283,0.00021373433,0.0010516143,0.00015171057,0.015552975,0.0009547106,0.00071943214,0.0013937115,0.0022013308,7.282861e-05,0.00058284425,0.00011376346,0.0009541149,0.0043629855,0.0022740653,0.001395493,0.0020015095
DHAA_27_aug_19.npz,DHAA,HA,False,0.49245092,0.002152709,0.0011944745,0.002674301,0.00060387835,0.0025445246,0.0034255919,0.0011803186,0.43120444,0.0013801608,0.00095912797,0.000667223,0.0036523673,0.49245092,0.0004374059,0.0029224039,0.00182693,0.0012134375,0.00075132697,0.006980114,0.00070258655,0.0006841964,0.006124134,0.013470067,0.0003429179,0.0012780393,0.0008304215,0.0018401494,0.0028499404,0.0024088789,0.0016461385,0.001718403,0.0016363045,0.0016003177,0.00051460596,0.0019084172,0.0022227268
THAA_25_aug_14.npz,THAA,TAA,False,0.49215594,0.0022372291,0.0019180834,0.002573784,0.0034614585,0.023016552,0.005831857,0.0011465105,0.0035174491,0.0013591893,0.0021085613,0.0052701114,0.0013597227,0.0028108829,0.0009987751,0.043744553,0.000815899,0.0019283729,0.0020587582,0.0021389036,0.001773385,0.0024304518,0.0011767492,0.0033222998,0.0015825027,0.0081321085,0.0017109376,0.001593452,0.0054383725,0.49215594,0.2212153,0.14585924,0.00088783994,0.0011374229,0.0009799033,0.0008820841,0.0014253919
BHA_14_aug_11.npz,BHA,BA,False,0.4920541,0.4920541,0.28454933,0.0011820283,0.0029903864,0.0037846211,0.00072522764,0.0017944174,0.00071395613,0.0011769222,0.0016614255,0.0025046293,0.0007917548,0.0010481422,0.003715927,0.0013470143,0.002738632,0.0048216293,0.0018963265,0.0011657232,0.09412496,0.0032410056,0.0012686921,0.0006282092,0.0034730034,0.0027461955,0.0019204676,0.006843486,0.0018714797,0.0014207504,0.0007891116,0.0011278467,0.0019086988,0.06196894,0.003193681,0.001266316,0.0015450225
BHA_8_aug_06.npz,BHA,MA,False,0.4897473,0.023595976,0.43169993,0.00055914384,0.0045754854,0.0012535724,0.0004605884,0.00084528344,0.00047504998,0.00015296349,0.0015406451,0.0009112912,0.00030538335,0.00082889746,0.001528091,0.0011897931,0.0010017514,0.0016608315,0.0014356977,0.0033326226,0.4897473,0.003920415,0.005050832,0.001355879,0.0008085556,0.0016841125,0.0017606203,0.008003521,0.001413396,0.00083999377,0.00031118107,0.0005808183,0.0016510837,0.0019166465,0.0013269495,0.001016937,0.0012587523
RA_7_aug_10.npz,RA,YA,False,0.48753947,0.00043948425,0.008568689,0.0035068959,0.00032364443,0.0019773964,0.005728463,0.0038153152,0.0017091018,0.00037178595,0.00039912536,0.0009818356,0.0013476778,0.0010682422,0.0022813727,0.00028680585,0.0013613548,0.0015783953,0.001215443,0.0017326248,0.001908328,0.0017023803,0.0014108048,0.0012179817,0.002171135,0.00049451133,0.00076177565,0.3783219,0.01970607,0.0006216993,0.0026572803,0.00077618833,0.0017268001,0.0065917205,0.05289669,0.48753947,0.0008015978
RA_26_aug_07.npz,RA,BHA,False,0.48746333,0.006431077,0.48746333,0.0012269567,0.0003077292,0.0033759752,0.00031914734,0.0012377655,0.0014064619,0.00013814744,0.0004051678,0.0015530464,0.0011578081,0.00044806756,0.0034923188,0.00050068996,0.0017417246,0.0011021863,0.000495318,0.0016907766,0.021719718,0.004164301,0.002585651,0.00220514,0.0009195201,0.0006428652,0.00044452978,0.4145928,0.009614526,0.00065822736,0.00059305475,0.00031348903,0.0006488029,0.017797574,0.0023237616,0.0053256457,0.00095667713
BHA_4_aug_03.npz,BHA,RA,False,0.4866029,0.006256321,0.4096642,0.0013686131,0.00030501606,0.0038633964,0.00037806245,0.0014099448,0.0016458996,0.00017184345,0.00041289435,0.0016343275,0.0011733064,0.00048597282,0.0038100947,0.00051766436,0.0019278647,0.0011224115,0.0005104583,0.0016389983,0.01829759,0.0038742088,0.0024906227,0.0024363298,0.001023602,0.0007017587,0.00046079047,0.4866029,0.01006251,0.0007602576,0.00069007464,0.0003639958,0.0006903406,0.023097819,0.0028772943,0.0062669,0.0010055908
JA_28_aug_10.npz,JA,KA,False,0.48506418,0.001768279,0.0029101837,0.0010722484,0.001632683,0.0032955464,0.000965932,0.019309347,0.00076096185,0.00089570705,0.0009839032,0.00056411535,0.0016706791,0.00045337607,0.42395917,0.00013652713,0.48506418,0.0058100605,0.0009342418,0.0007681321,0.0018859179,0.000492424,0.0020384225,0.0003124988,0.008664034,0.0031264918,0.0048943656,0.0025619473,0.0028581677,9.004644e-05,0.00047426982,0.00019280236,0.0011142552,0.0025938656,0.0013472316,0.0024244052,0.011973456
KA_25_aug_13.npz,KA,JA,False,0.48462367,0.0016226899,0.001921101,0.000962227,0.0008980891,0.0042068767,0.0009033034,0.013198977,0.0006161372,0.00095048896,0.0011099431,0.0004895681,0.0012291447,0.00035683627,0.48462367,9.754811e-05,0.44114295,0.01121522,0.00065717974,0.0006349856,0.0012580435,0.00026946617,0.001291205,0.00018615618,0.010956775,0.0016162999,0.0015119185,0.001739874,0.0021110752,6.725927e-05,0.00046545503,0.00012964822,0.0009633776,0.003081221,0.0015888175,0.0015594189,0.0043669925
KSHA_7_aug_17.npz,KSHA,TRA,False,0.4845837,0.0049164174,0.0013173555,0.0015591943,0.004661894,0.0036008144,0.009070813,0.0006396794,0.0016769569,0.34200495,0.0030842652,0.0058182273,0.019387249,0.002222651,0.0009593225,0.0022853143,0.0014955446,0.0016282481,0.016071407,0.0019738374,0.0023305926,0.033362634,0.0011257274,0.0017388929,0.0037793315,0.0019430745,0.0012495081,0.0011119404,0.0007506528,0.004911717,0.0015749827,0.0026154895,0.4845837,0.011697134,0.018841,0.0013553577,0.002654107
PA_26_aug_08.npz,PA,TAA,False,0.48375204,0.0015144459,0.0009933831,0.0016407993,0.0024943952,0.04764082,0.0059979493,0.0003063942,0.0008668259,0.0010333594,0.0002653437,0.002369586,0.00029715768,0.0013560447,0.00032612943,0.0014699785,0.002702807,0.00064617675,0.001957248,0.0020965517,0.0017844355,0.00041360757,0.00011007325,0.0011348523,0.000892842,0.34366322,0.0007416179,0.0011381337,0.000245981,0.48375204,0.003686117,0.07514768,0.00036157327,0.0005640253,0.0007103066,0.0009306898,0.008747346
M_SHA_24_aug_18.npz,M_SHA,NAA,False,0.48342437,0.0017082216,0.002762441,0.0026330703,0.001961587,0.0017356701,0.0010368263,0.0061329855,0.04004726,0.0009536067,0.004946171,0.0009796055,0.036198147,0.0010021012,0.0010839184,0.0018332583,0.0008305125,0.0015107039,0.0015373394,0.0014254323,0.0032798825,0.31357706,0.005149747,0.48342437,0.0008949793,0.0008100765,0.060795248,0.0015486281,0.0019912343,0.0034183124,0.0028191118,0.0028018935,0.0023147454,0.0010140598,0.0012827489,0.0025550502,0.002003957
HA_24_aug_08.npz,HA,LA,False,0.4831394,0.004086502,0.0015004089,0.012570353,0.008817472,0.002702327,0.0035194354,0.00083419104,0.015117152,0.00043111338,0.0007881417,0.0032621692,0.0004797312,0.42539465,0.000490214,0.0025967895,0.0014133547,0.0016774281,0.00096352916,0.4831394,0.0030524486,0.00064832496,0.0025922675,0.0023062404,0.00072685996,0.0044719432,0.00026042963,0.0005936046,0.00088408287,0.0018556126,0.002279696,0.003861738,0.0018696813,0.0004634324,0.0008415271,0.0014195056,0.002088293
DHAA_6_aug_20.npz,DHAA,HA,False,0.48278314,0.0024735462,0.0019713806,0.005750076,0.0007333871,0.0032049576,0.0050730817,0.0019428254,0.39341938,0.0015400551,0.00158702,0.0010487662,0.0032828187,0.48278314,0.0006354395,0.004586107,0.0026697298,0.0018656914,0.0012091144,0.013116996,0.0013899752,0.0011436634,0.0105604585,0.028511478,0.0004896122,0.0019335179,0.0011579007,0.0034256757,0.0034658597,0.003076108,0.0021784827,0.002257195,0.0021793586,0.00232303,0.0010808487,0.003161726,0.0027714516
DHAA_4_aug_20.npz,DHAA,HA,False,0.4823067,0.0021028162,0.0021667434,0.014626532,0.00063948135,0.003659971,0.0051639094,0.0022775647,0.30730107,0.0011098462,0.0016435563,0.0012411161,0.0017188279,0.4823067,0.00048934575,0.005329283,0.002429869,0.0021224094,0.0015837327,0.03287912,0.0018324069,0.001500377,0.015190196,0.080068,0.00044832748,0.002888874,0.0008049042,0.0046931338,0.0027940029,0.0035399764,0.001986507,0.0020622446,0.002177133,0.002181324,0.001621231,0.0031810557,0.0022383393
M_SHA_24_aug_20.npz,M_SHA,NAA,False,0.4814376,0.0023882512,0.0037307031,0.003815252,0.0026226854,0.0023314962,0.0015054612,0.00844383,0.040719643,0.0012745431,0.00563863,0.0014007065,0.031959005,0.0014295594,0.0015594681,0.0026656538,0.001189625,0.001998195,0.002166782,0.0020246636,0.0046677087,0.28325802,0.006596701,0.4814376,0.0012605637,0.0012214483,0.0730534,0.0020603794,0.0026625365,0.004617833,0.003914838,0.003686021,0.00309345,0.0014274416,0.0018332158,0.003401606,0.0029431179
WA_25_aug_05.npz,WA,YA,False,0.4791652,0.00026129777,0.0007388195,0.0017531012,0.00038058957,0.00048049222,0.04719039,0.0018272377,0.0009214692,0.0024656819,0.0013425939,0.00095546804,0.0013688791,0.0011282553,0.0019432202,0.0001859978,0.0007550698,0.0016028952,0.0016075015,0.0015608727,0.00059246214,0.00074049935,0.00024473373,0.0007172164,0.0017417484,0.00045720823,0.00023371058,0.020373838,0.0018974678,0.00045877424,0.0021953813,0.0012760245,0.006842836,0.0028136559,0.41162065,0.4791652,0.0001587963
KHA_24_aug_07.npz,KHA,GA,False,0.47797328,0.0030391696,0.0020645482,0.002413018,0.0009171696,0.010556398,0.0007540922,0.0010475355,0.00077608915,0.0070207957,0.47797328,0.009626873,0.010733415,0.00052934856,0.004999507,0.0059116855,0.0072069466,0.41673887,0.0006601125,0.00086999754,0.0024133238,0.0011593149,0.0018414608,0.00030706354,0.020653777,7.524065e-05,0.00022979217,0.00036095746,0.0012634316,0.0005314145,0.0012436185,0.00049054204,0.0009795844,0.0015091302,0.0018590087,0.0007854588,0.0004580068
BHA_24_aug_08.npz,BHA,MA,False,0.47792912,0.018065216,0.45853043,0.00047301807,0.003359132,0.0010451383,0.0002489258,0.0006847151,0.00036660174,8.55678e-05,0.001001641,0.0007283369,0.00024628945,0.0005497398,0.0011221138,0.0008655395,0.000715137,0.0011834839,0.0010427549,0.0028330341,0.47792912,0.0036225505,0.0046225125,0.00124072,0.00056733453,0.0013501698,0.0013790629,0.00842449,0.0012499753,0.00067046273,0.0002250757,0.00038154394,0.0011049355,0.0015716092,0.00084400777,0.00068725075,0.0009824192
BHA_26_aug_11.npz,BHA,MA,False,0.47752327,0.025421776,0.4561846,0.00042869433,0.0032710624,0.0010111693,0.00030509432,0.0006291104,0.00030349242,0.000102695965,0.0010473415,0.00069501484,0.00018645043,0.0004855726,0.0011248477,0.0007911684,0.0007354979,0.0012523877,0.0010846644,0.0024630725,0.47752327,0.0031156146,0.0032314383,0.0010055053,0.0006372814,0.001399004,0.0011919686,0.006568275,0.00093731406,0.00064757705,0.00020670459,0.0004117542,0.0011922067,0.0018263967,0.0010709435,0.00067952764,0.000831584
JA_15_aug_14.npz,JA,DHA,False,0.47410387,0.002598187,0.0039492343,0.028686212,0.0013736212,0.002971728,0.0006159355,0.47410387,0.00083091005,0.0009953938,0.0005851641,0.0026019735,0.0007478754,0.0009484546,0.28992295,0.0004299552,0.009187297,0.0019274493,0.0009382995,0.0018156864,0.0026393968,0.00068509503,0.0028377327,0.0022280873,0.13420112,0.0016721671,0.0028955804,0.0054504424,0.0056298617,0.00045412141,0.0032370642,0.00071571633,0.0023313398,0.0041196654,0.0023787739,0.0028059832,0.00048774344
BHA_5_aug_16.npz,BHA,MA,False,0.47355998,0.02475711,0.4550457,0.0004945472,0.0036390808,0.0011264562,0.0003436151,0.0007306034,0.00037515286,0.000120116645,0.0011654969,0.00079198927,0.00023568101,0.00059098145,0.0012956512,0.0009384578,0.0008381152,0.0013713749,0.0011607234,0.0027689973,0.47355998,0.0034454057,0.0038804128,0.0011901855,0.00071111973,0.001529349,0.0014004254,0.007645371,0.0011367792,0.00074551866,0.00025126484,0.00047497428,0.0013285821,0.0019880307,0.0011682155,0.00078814203,0.0009662714
BHA_19_aug_07.npz,BHA,MA,False,0.47294754,0.018711066,0.45925122,0.0005160123,0.003584077,0.001127811,0.0002841517,0.0007450165,0.00040732537,9.8309356e-05,0.0011043932,0.0007926996,0.00027500666,0.00061286986,0.0012359666,0.00095882907,0.0007857417,0.0012848085,0.0011308079,0.003022321,0.47294754,0.0038217488,0.004977536,0.0013407216,0.00062055764,0.0014448281,0.0014899209,0.008990185,0.0013684088,0.0007307505,0.0002517029,0.0004243076,0.0012099895,0.0016856598,0.0009315722,0.00077144004,0.0010647604
YAN_21_aug_20.npz,YAN,PA,False,0.4680027,0.0012920398,0.0017504202,0.00060358865,0.0042722486,0.008192252,0.00581187,0.00074447074,0.0027497506,0.00087850145,0.00050668395,0.00084241567,0.0005670344,0.0023797734,0.0019516986,0.0012526383,0.04006044,0.00020951722,0.013251549,0.0027084355,0.004139321,0.00089059345,0.0004916962,0.001394326,0.00067875267,0.4680027,0.007066903,0.0013298993,0.00063968595,0.012224757,0.00095363974,0.0046478156,0.0010796206,0.0009950664,0.0006798235,0.0006678871,0.4040922
DHAA_6_aug_01.npz,DHAA,HA,False,0.46792608,0.0022392694,0.0015751456,0.0041653346,0.0006523989,0.002839458,0.004250694,0.0016295849,0.4308639,0.0014938352,0.0012895934,0.00085562735,0.0035575486,0.46792608,0.0005550258,0.0038435033,0.002325508,0.0015320509,0.00097059546,0.009666239,0.0010258191,0.0009222947,0.0085932035,0.021672389,0.00041098968,0.00156719,0.001031754,0.0027159892,0.0032621082,0.002700092,0.0019641854,0.001965798,0.0019237861,0.0020812606,0.00082443317,0.002579664,0.0025276588
TRA_14_aug_05.npz,TRA,KSHA,False,0.46786094,0.0011190294,0.00052062736,0.00096796744,0.0018298358,0.00023902072,0.046227645,0.0012202263,0.00015653983,0.0027916569,0.0011094403,0.0018429743,0.00045214905,0.0006812418,0.00057304715,0.0005780488,0.00061111094,0.00028962994,0.46786094,0.0010305148,0.0018015373,0.009557114,0.00090358127,0.00076460326,0.00093919644,0.0033077092,0.0017130108,0.00059759023,0.00040438335,0.0011200914,0.00079062517,0.001242733,0.43909004,0.0007946099,0.0031291668,0.00069358246,0.0030488106
TRA_5_aug_07.npz,TRA,KSHA,False,0.46690714,0.0011304155,0.000703516,0.0012055895,0.0020182028,0.00025025904,0.2421242,0.0019275374,0.00035637632,0.0026288487,0.0019586321,0.002161439,0.000580744,0.0011097422,0.0010227559,0.0006561375,0.0011329344,0.00045754874,0.46690714,0.001287924,0.0021427644,0.0050547207,0.0014652028,0.00095694046,0.0010571878,0.0058197486,0.002174955,0.00096034136,0.00088068075,0.0012516247,0.0013178263,0.0029242332,0.23417392,0.0008458063,0.0039436887,0.0019949041,0.0034154458
YAN_14_aug_18.npz,YAN,KA,False,0.46625432,0.003288457,0.0039395397,0.0019741282,0.00430145,0.053013086,0.0034190645,0.0020337107,0.0030162784,0.0027043405,0.0010137558,0.0012873928,0.0018309786,0.0025192793,0.009033302,0.0008331758,0.46625432,0.0035999322,0.0049490905,0.003001705,0.0052358177,0.0013169681,0.0007017047,0.0010489607,0.0020216634,0.089336075,0.0057482384,0.00390489,0.0010001761,0.005389606,0.00075081136,0.0021628926,0.0016119389,0.0033297262,0.0015794554,0.001197882,0.30165026
JA_14_aug_09.npz,JA,KA,False,0.46541452,0.0024531726,0.004266357,0.0017029163,0.0019146012,0.004036244,0.0016079065,0.02435089,0.0012726497,0.0017755799,0.0015754495,0.00093093293,0.002171972,0.00068072986,0.411469,0.00023121428,0.46541452,0.0063131605,0.0015731765,0.0011236741,0.0031183388,0.0006912371,0.0035531211,0.00063833763,0.011024798,0.004976127,0.005670588,0.0031624862,0.004096802,0.00015344002,0.00071079534,0.00034638576,0.0018451511,0.003284795,0.0021331946,0.0031521476,0.016577955
HA_13_aug_13.npz,HA,LA,False,0.46195477,0.006032555,0.0009038637,0.0071240384,0.04669515,0.002821637,0.002370827,0.0006493284,0.0076304325,0.00038957625,0.0007497461,0.003261577,0.0008387206,0.42568025,0.00038301083,0.0026486663,0.0011902192,0.001252122,0.0009947533,0.46195477,0.0033113824,0.0009279498,0.0018293436,0.0012424466,0.00089671183,0.004254982,0.00033637564,0.00027674006,0.00055569253,0.0019970934,0.0018713824,0.0031607875,0.0018881052,0.0002749422,0.0005647834,0.00079327973,0.0022468017
THA_13_aug_09.npz,THA,THAA,False,0.45986888,0.0015102358,0.0010067706,0.0014292634,0.002211126,0.0027311041,0.02285304,0.00082441216,0.0020606678,0.00047052765,0.00060466176,0.002605819,0.0007370016,0.0018010322,0.00097164,0.0034101072,0.00046120954,0.00083960744,0.000963535,0.0013459712,0.000874979,0.0005971526,0.0003265804,0.0010720559,0.0009524093,0.0062738345,0.0006847483,0.0009831603,0.0063484176,0.080347456,0.3872198,0.45986888,0.0003557031,0.0005359679,0.0007949478,0.003165803,0.0007604117
BA_15_aug_14.npz,BA,T_SHA,False,0.4595541,0.016914492,0.0011262147,0.0016786456,0.0021580246,0.0045415424,0.0015540236,0.004672901,0.0027755061,0.38898984,0.003544703,0.0031363757,0.01784827,0.0037628093,0.002725054,0.003963115,0.001488897,0.0023658278,0.0013318795,0.000968939,0.00059903983,0.00321578,0.00086173334,0.0013092026,0.003057914,0.0011067344,0.0009866912,0.0025766469,0.0013093131,0.0019452974,0.0029251708,0.0011040232,0.01576613,0.4595541,0.035264466,0.0013608407,0.0015098628
YA_6_aug_08.npz,YA,WA,False,0.4581171,0.000375266,0.0012652312,0.0021948074,0.0004565012,0.00077431626,0.03417487,0.0027362022,0.0011548375,0.002681913,0.0013369515,0.0010342457,0.0016027244,0.0013831826,0.002367604,0.0002638172,0.0010808568,0.0020507195,0.0019643914,0.0019377549,0.0008688454,0.0010497081,0.0003748554,0.00093729084,0.0021345941,0.00059091626,0.00035820686,0.03835813,0.0022063877,0.0005775647,0.0021548893,0.0011876355,0.007539724,0.0050306497,0.4581171,0.41741246,0.00026490312
TAA_9_aug_17.npz,TAA,THA,False,0.45310426,0.003361307,0.0027003929,0.0037394778,0.0033474332,0.020672092,0.0041257306,0.001967391,0.004812463,0.00134948,0.0028618246,0.005641168,0.0021794338,0.003707273,0.0018038263,0.09552142,0.0010986115,0.0033169228,0.0018793163,0.0022010284,0.0019011073,0.0030830721,0.0023459797,0.003511477,0.0021083674,0.0038769848,0.0023981445,0.0020661037,0.014719685,0.25401747,0.45310426,0.08297157,0.0009447571,0.0022269555,0.0015947404,0.0013389509,0.0015037634
CHA_6_aug_19.npz,CHA,CHHA,False,0.4511843,0.3912387,0.0022600633,0.0019354204,0.4511843,0.003487212,0.0038074052,0.0046174773,0.004042406,0.004059348,0.0039523765,0.0014612565,0.006061533,0.046989795,0.00263272,0.0049763643,0.0026466246,0.005507164,0.0029089532,0.0038566855,0.008859944,0.0008925359,0.002721345,0.00059583626,0.00452158,0.0031192577,0.0032880593,0.00039804628,0.002088817,0.004795054,0.003020526,0.004674806,0.0031801048,0.004723519,0.0005704491,0.0023161343,0.002608173
PA_26_aug_11.npz,PA,THAA,False,0.44953215,0.0015067101,0.0009176819,0.00127333,0.003085089,0.0041455594,0.056771196,0.0002930816,0.0011942809,0.00068056677,0.00044661757,0.004171003,0.0003493124,0.00077854993,0.0004404718,0.00067856774,0.0012585594,0.00028265367,0.0053058984,0.0030068706,0.0021647334,0.00056342484,0.00013202331,0.0018337544,0.00080900115,0.3058482,0.0006800403,0.00069458,0.00046289415,0.12984845,0.0128865875,0.44953215,0.0005529202,0.0003516528,0.00082708383,0.0020329792,0.0041935984
PA_23_aug_05.npz,PA,TAA,False,0.44664282,0.0036767102,0.0031551672,0.0041381163,0.0053182524,0.18210743,0.0065985234,0.0010439942,0.002450328,0.0045268536,0.00079069275,0.004472508,0.0011261317,0.003977338,0.0011887143,0.0041418397,0.01112672,0.0030687167,0.0030794526,0.0036266658,0.0042046695,0.0010507784,0.0005231725,0.0029403374,0.002570443,0.21378298,0.0024216145,0.0036128298,0.0009791885,0.44664282,0.005197957,0.036319163,0.0013648416,0.002358952,0.0024742775,0.0017424088,0.022199363
THAA_25_aug_10.npz,THAA,THA,False,0.4461737,0.0022929814,0.0018748738,0.0025020584,0.0027487413,0.014908383,0.0053386604,0.0013157079,0.003628389,0.0009781433,0.0018305937,0.0044320277,0.0014332987,0.0027720337,0.0012143182,0.047748405,0.0007154656,0.0020978656,0.0014187357,0.0017441656,0.0013855966,0.0018819758,0.0012203766,0.0024701117,0.001469234,0.00412356,0.0015897073,0.0015582223,0.009701727,0.28402534,0.4461737,0.1380958,0.0006685547,0.0013061123,0.0010724218,0.0011574139,0.001105254
YA_8_aug_01.npz,YA,RA,False,0.4447704,0.0017893554,0.029457513,0.007550396,0.0013306754,0.006443111,0.009695594,0.0087659685,0.006188626,0.0014654541,0.001477951,0.0033205682,0.00451025,0.0034100818,0.006781906,0.0015861227,0.0042403755,0.0038778288,0.0030445626,0.0047386917,0.007278891,0.0054706964,0.0063115763,0.0043893955,0.005023009,0.0016950407,0.0031263602,0.4447704,0.0421496,0.0023032897,0.0067560268,0.002517863,0.00412102,0.017155314,0.047497448,0.28653666,0.0032223654
RA_1_aug_14.npz,RA,WA,False,0.4435696,0.002030708,0.0034211918,0.0014207904,0.0006589682,0.0057931133,0.0013834041,0.005420326,0.0012261623,0.0259277,0.000670404,0.0028389834,0.003575442,0.00179426,0.0011842297,0.0014846304,0.0016358072,0.0013361692,0.0010260205,0.002243697,0.0010453546,0.0062088626,0.00064008567,0.0018073594,0.002657538,0.00079963723,0.00071225973,0.04093993,0.0012335385,0.0009968602,0.0013612955,0.00040961223,0.009421091,0.41702664,0.4435696,0.0050456612,0.0010527585
NA_18_aug_18.npz,NA,CHA,False,0.4394149,0.00420524,0.00573715,0.4394149,0.0017161887,0.010677459,0.0056130835,0.056868248,0.025805252,0.003055314,0.0045471457,0.006918176,0.002130341,0.011808465,0.005763311,0.008292883,0.0055667255,0.0076209074,0.006769592,0.027611665,0.008392438,0.0043819416,0.03803956,0.22379112,0.003655918,0.004638226,0.0035033126,0.011997221,0.008305104,0.0048968126,0.0077088424,0.0040759807,0.0070849527,0.0090368055,0.00845558,0.010151225,0.0017627686
RA_14_aug_11.npz,RA,BHA,False,0.43295828,0.23481469,0.43295828,0.0020198359,0.0012252231,0.0070639653,0.0007963951,0.0029576295,0.0016603785,0.0011474692,0.0012982686,0.0051237848,0.0014454724,0.0010617092,0.00527121,0.0012807556,0.0035826336,0.004080204,0.0015852103,0.0014155072,0.045001734,0.004676364,0.0012946762,0.00160303,0.0050382568,0.002739902,0.0016310887,0.048002902,0.0051607047,0.0019878042,0.0014457455,0.0012723112,0.0018797984,0.15501745,0.0079572825,0.002565326,0.0019369989
TA_15_aug_17.npz,TA,THAA,False,0.43279895,0.0035515917,0.0022060266,0.0026146544,0.003008205,0.001306519,0.05843532,0.0015510342,0.0035107436,0.00064634,0.0008503506,0.003975296,0.0016944538,0.0028826185,0.0031376663,0.001959569,0.0011566211,0.0013828923,0.0012804345,0.0020949526,0.0016176503,0.00075076637,0.00048061923,0.0012629972,0.0024346448,0.009952263,0.001052963,0.00202123,0.01956006,0.019344037,0.37913916,0.43279895,0.000622996,0.0010857045,0.0026326133,0.026353363,0.0016447284
PA_10_aug_14.npz,PA,TAA,False,0.43193638,0.0012277528,0.0007837425,0.0012862652,0.0021807915,0.029752104,0.0071364413,0.0002501066,0.0007675885,0.00074147154,0.00024349784,0.002353893,0.00023573266,0.00111255,0.00026614076,0.0012029867,0.0019600834,0.00043017033,0.002151613,0.0020930767,0.0015727152,0.00040506182,8.7904504e-05,0.0010311173,0.0007027587,0.39232263,0.0005840405,0.00089221436,0.00019546502,0.43193638,0.0037458218,0.10139699,0.00028625355,0.0004347283,0.0005657878,0.00085062,0.0068135737
THAA_16_aug_18.npz,THAA,TAA,False,0.43185058,0.0014700964,0.001103427,0.0017332372,0.0029812425,0.0134083815,0.009810441,0.0007459218,0.0022165673,0.0009032871,0.0012222086,0.0038161576,0.00073861476,0.0019988115,0.0006629657,0.014880952,0.0004827085,0.0011324362,0.0017480694,0.0017832856,0.001140329,0.001444212,0.00048639957,0.002237121,0.0010093823,0.010098849,0.00092877116,0.0010516512,0.0032722317,0.43185058,0.20876059,0.2711339,0.0005783474,0.00062312454,0.0006600058,0.00091572147,0.00097002776
GA_6_aug_14.npz,GA,CHHA,False,0.43012807,0.047392465,0.027985595,0.0032360423,0.43012807,0.00203297,0.0046129264,0.0028334302,0.0021939627,0.0011346991,0.006229027,0.003794969,0.0014568692,0.010334512,0.0014427959,0.0039457693,0.0025844441,0.0030234787,0.0065953094,0.024161834,0.33530384,0.004113196,0.0146916825,0.003615412,0.0034188025,0.009755002,0.005487609,0.001281779,0.0017521414,0.00529691,0.0013336772,0.0069264905,0.012228125,0.0010855146,0.003271321,0.0013584094,0.0039608837
KSHA_21_aug_04.npz,KSHA,PHA,False,0.4287706,0.0005552843,0.0015430517,0.0009192146,0.0015140853,0.0008023582,0.0028981082,0.006144228,0.001307119,0.00034713116,0.00058279297,0.002110982,0.00137766,0.00094641076,0.0006808169,0.0030618007,0.00084400555,0.00012507489,0.076244146,0.0016499094,0.002601992,0.41406965,0.0048728203,0.005496828,0.0006867019,0.0030049107,0.4287706,0.000507092,0.00065998425,0.0020827958,0.0021504597,0.0017555834,0.0076871575,0.000750207,0.0004274284,0.00021580119,0.020605778
TRA_19_aug_13.npz,TRA,M_SHA,False,0.42837873,0.0034147922,0.002059393,0.0012809624,0.002354404,0.0027110733,0.0043241163,0.00076241454,0.0005700218,0.008458635,0.001051258,0.002484403,0.0048645637,0.001627104,0.000650011,0.0034550002,0.00084873074,0.00059830275,0.095815785,0.0029823969,0.0028604127,0.42837873,0.0009980489,0.003104339,0.0018964818,0.0031998036,0.005722487,0.0009411425,0.0005300656,0.0037761466,0.0015386714,0.0013624777,0.39610356,0.002361716,0.0020409643,0.00044720492,0.004424425
WA_18_aug_09.npz,WA,T_SHA,False,0.4262482,0.0018269166,0.00066026195,0.00082648924,0.0006069806,0.0035925135,0.00083301205,0.0032987497,0.00069325377,0.12287511,0.00079522916,0.0021331066,0.004243607,0.0015148929,0.0005772841,0.001380198,0.0007148774,0.0010303339,0.0008331852,0.0012541913,0.00033700603,0.0038599495,0.00020840636,0.0006685978,0.001685321,0.00039990694,0.00036157,0.005613431,0.00045040296,0.0006930333,0.0012168798,0.00026817084,0.01678604,0.4262482,0.38916507,0.0016602316,0.0006876073
JHA_9_aug_12.npz,JHA,NA,False,0.4260831,0.0018436628,0.003305072,0.001610854,0.003355943,0.0019526687,0.00039286053,0.001302782,0.002093924,0.00083448994,0.018020144,0.004616158,0.0040917294,0.0032766133,0.0014658092,0.40876228,0.0008787415,0.0037752397,0.0026112194,0.00017329241,0.0058515873,0.0026683349,0.4260831,0.0038956841,0.003332327,0.00033923896,0.0054474096,0.0005655692,0.05404114,0.0051653273,0.02288671,0.0006870968,0.00063924806,0.0015139625,0.0008629849,0.00052699377,0.001129732
THAA_16_aug_05.npz,THAA,TAA,False,0.42373452,0.0013369598,0.00095866516,0.0015642685,0.002950697,0.011623121,0.012074043,0.000632962,0.0018822689,0.00082542433,0.0010207337,0.0035632546,0.00060666807,0.0017645134,0.0005710354,0.009856661,0.00045062427,0.0009186293,0.0017833901,0.0017742313,0.0010862929,0.0012559,0.0003655583,0.002090972,0.00090712286,0.013423749,0.0007851535,0.0009383741,0.0024107771,0.42373452,0.16422288,0.3291199,0.0005233363,0.0005097017,0.00058131706,0.0009319821,0.0009542273
YA_23_aug_10.npz,YA,THAA,False,0.42348942,0.003211674,0.0012334198,0.0020697876,0.0032221568,0.00088465353,0.31991348,0.00082640164,0.0029516025,0.0008327501,0.00096960843,0.0041581024,0.001483216,0.002350677,0.0023389605,0.0004804847,0.001291364,0.0016381973,0.002270104,0.001933946,0.0013535419,0.000605553,0.00021090671,0.0012326078,0.0028725124,0.013956332,0.00088721485,0.0020925326,0.0058137993,0.013712959,0.0986602,0.42348942,0.0011734088,0.001043113,0.0064824224,0.07120397,0.0011489738
NAA_16_aug_02.npz,NAA,PHA,False,0.42257524,0.0012364411,0.0014761531,0.0072071785,0.0020021552,0.0010030123,0.00066622585,0.27713385,0.005475327,0.00030130125,0.00094573904,0.00039974137,0.0030382113,0.0015240276,0.0025308188,0.0022738012,0.00094236055,0.000573282,0.0019411182,0.0008579833,0.003415565,0.022281129,0.014078629,0.2073176,0.0013168791,0.001074585,0.42257524,0.0013685426,0.0018726713,0.0014736142,0.0022503796,0.0006681952,0.0010538348,0.0020571558,0.0013111479,0.0009030327,0.0034530396
CHA_9_aug_20.npz,CHA,GHA,False,0.4211103,0.0029462536,0.0024514715,0.13270855,0.0031967056,0.0020965387,0.0022922351,0.001305141,0.0018820369,0.0009998584,0.0024188256,0.4211103,0.0005060468,0.0067028743,0.00086682924,0.0011697881,0.001562734,0.0018898277,0.0019103425,0.36827597,0.0020532205,0.0017293205,0.0026814025,0.002371501,0.010263176,0.0023456363,0.00026595552,0.0018350309,0.0014907725,0.0009414893,0.0012568069,0.0067928927,0.002795265,0.0017713036,0.002525444,0.0013844204,0.0012040735
THAA_22_aug_02.npz,THAA,PA,False,0.4152046,0.0013154038,0.0010404014,0.0008692851,0.003823773,0.001877517,0.12363687,0.00039726586,0.0015066366,0.0006779319,0.0005761448,0.0036201284,0.00034418138,0.0009974266,0.00074254966,0.00066023803,0.0017437966,0.00018201683,0.012459619,0.004009877,0.0027935265,0.00072960235,0.00023295375,0.0021000209,0.0008321669,0.4152046,0.00096869963,0.00067471433,0.0008038564,0.050340272,0.012558342,0.34152204,0.0010951296,0.0003672541,0.00080425903,0.0018050171,0.006686387
NA_21_aug_10.npz,NA,JHA,False,0.4150973,0.0028601368,0.001411575,0.0010089828,0.0043379795,0.0019605611,0.0005665383,0.0007434981,0.0016704174,0.006383103,0.3990193,0.009091664,0.00355167,0.0026008696,0.0011022416,0.4150973,0.00064463,0.022518603,0.0039054886,0.0002140517,0.0041180453,0.0017040147,0.08211354,0.0028609852,0.0044713067,0.00026638998,0.0027840792,0.00013597398,0.004262937,0.0060622506,0.005146931,0.00079620956,0.0015122846,0.0016894694,0.0009171424,0.0002492388,0.0022206388
DAA_3_aug_06.npz,DAA,YA,False,0.4118465,0.00037905376,0.00050908804,0.0018018935,0.0011884174,0.00035234922,0.3348911,0.001104528,0.0014800874,0.004407389,0.0034136095,0.0024594495,0.002075671,0.001124846,0.0023506565,0.00021558086,0.00087352056,0.0020805346,0.0044251494,0.001360693,0.0010135308,0.00085763144,0.00040504418,0.0010925361,0.0018054617,0.0011917143,0.00037940947,0.0037738574,0.0024731182,0.0011745008,0.0040969737,0.006468127,0.018812401,0.0010842077,0.1768451,0.4118465,0.00018634279
WA_18_aug_03.npz,WA,T_SHA,False,0.41145647,0.0019542568,0.0005338627,0.00083849975,0.0006884132,0.0035329966,0.0008655924,0.0030824484,0.00071705197,0.16704765,0.0009189743,0.0021162762,0.0047476348,0.001657791,0.0005760065,0.0014866968,0.0006891423,0.0010827373,0.0008631684,0.0012864252,0.00031035472,0.003852037,0.00019848812,0.0006380589,0.0016130693,0.000390245,0.00034926433,0.00421248,0.00041546178,0.0007224919,0.0012967217,0.00028241213,0.019630885,0.41145647,0.35776997,0.0014843415,0.0006917291
YA_1_aug_13.npz,YA,THA,False,0.41111246,0.0022397127,0.002164727,0.0027041507,0.0020438652,0.0008611922,0.054364856,0.0021624316,0.0050918655,0.0006765579,0.0010509248,0.0042409175,0.0021715092,0.0036159994,0.0051822094,0.0012645444,0.0009925769,0.0014483902,0.0009902199,0.0021331955,0.0013475609,0.0007581943,0.0006037437,0.0012075386,0.004674647,0.005246412,0.0012298466,0.0044599944,0.07800517,0.0069585745,0.41111246,0.1956293,0.00085276284,0.0011653873,0.008902153,0.18111691,0.0013295237
WA_9_aug_12.npz,WA,YA,False,0.40846694,0.0020195448,0.0017166629,0.0048890235,0.0028230418,0.001257733,0.36578235,0.0020303205,0.0037037546,0.0038922846,0.003995933,0.005572328,0.004216393,0.002998584,0.0045058033,0.00086816645,0.0023402711,0.0050826482,0.0055016363,0.0024331883,0.0022858812,0.0017247876,0.0008868494,0.002222898,0.0050815963,0.003550132,0.0012895303,0.0074216835,0.0072104717,0.005002005,0.018970376,0.031100929,0.010396155,0.0023735245,0.06568168,0.40846694,0.00070485676
RA_13_aug_01.npz,RA,T_SHA,False,0.40828288,0.022668872,0.09223859,0.0034982134,0.0006041068,0.010123612,0.0011409535,0.004326538,0.002370234,0.0020992404,0.00064363104,0.0049937726,0.0020321296,0.0012908473,0.0035980307,0.0009238591,0.0031088097,0.0025970866,0.0010779387,0.0017688386,0.0076223654,0.0049630525,0.0014823878,0.0033542728,0.004600089,0.0020709909,0.0010635881,0.3439752,0.004997887,0.0020861821,0.0014512377,0.001019601,0.002179555,0.40828288,0.03958342,0.0083875675,0.0017743653
GYA_8_aug_08.npz,GYA,M_SHA,False,0.40788275,0.005339115,0.004535656,0.0016716629,0.0017989852,0.004264971,0.0032929443,0.000948433,0.024849126,0.03983428,0.009370122,0.0036559305,0.39647403,0.0027883004,0.0018022435,0.0030778048,0.0020780128,0.0041843993,0.002558676,0.00206028,0.0016386486,0.40788275,0.0021479935,0.011005639,0.0031281477,0.000886076,0.009422692,0.0012486205,0.0015473571,0.003403962,0.0023845197,0.0033899879,0.023941247,0.0051057306,0.003819476,0.0021445507,0.0023176116
RA_24_aug_19.npz,RA,T_SHA,False,0.40564904,0.021638267,0.08991213,0.003608036,0.0006472079,0.01083359,0.0010792046,0.0045445506,0.0023965223,0.0020871207,0.00063921063,0.0052420394,0.0021335152,0.0013733424,0.0035725075,0.0009187908,0.003091295,0.0026403726,0.0011434798,0.0019835902,0.0077846274,0.0055754725,0.0015364862,0.0035210256,0.004638869,0.0022034172,0.0011240204,0.34735927,0.0050815605,0.0022238938,0.0014877033,0.001025974,0.0022451794,0.40564904,0.039114926,0.008039225,0.0019044653
DHAA_19_aug_06.npz,DHAA,HA,False,0.40209585,0.0049407436,0.0065728603,0.029464358,0.001772634,0.0069919145,0.014504985,0.0056979903,0.23379342,0.003004645,0.0042648716,0.0029764147,0.0034456577,0.40209585,0.001820404,0.009752036,0.007085045,0.006350811,0.0037121524,0.04647589,0.0061992235,0.0028186485,0.029943999,0.09479854,0.0013956557,0.005237466,0.0024709243,0.01003652,0.0067084846,0.0051072533,0.004478458,0.004436878,0.00560199,0.004891544,0.005364446,0.00994748,0.005839774
TAA_15_aug_09.npz,TAA,DAA,False,0.39747334,0.004894109,0.0055130366,0.0041010906,0.0106278295,0.0031408954,0.39747334,0.0026740427,0.0053853425,0.005274222,0.006146461,0.01015761,0.0029826139,0.004161183,0.005218618,0.0043520634,0.009695889,0.0013497656,0.071448855,0.009946454,0.011025874,0.004957325,0.003061935,0.006746049,0.0042262343,0.1838823,0.0038147813,0.0035887186,0.0042001554,0.025791267,0.016611092,0.12009257,0.016783707,0.0023573155,0.0054259966,0.008011349,0.014879816
HA_27_aug_01.npz,HA,LA,False,0.39514697,0.01154703,0.0009917475,0.005020557,0.2383968,0.0035916264,0.0021681525,0.00070276856,0.004948472,0.00045429697,0.0012083998,0.0047844895,0.0020407406,0.2877265,0.0004534114,0.0028037154,0.0015431977,0.0015313015,0.0014053475,0.39514697,0.005288203,0.0023395277,0.0018484072,0.0011831882,0.0017106511,0.0047462108,0.00065936946,0.00026504978,0.000575974,0.002595882,0.0016127054,0.003146708,0.002510993,0.0002648384,0.0006716597,0.00072355574,0.0033916226
TRA_9_aug_02.npz,TRA,M_SHA,False,0.39418283,0.0102599375,0.00678971,0.0036211389,0.0047264397,0.011783454,0.008139945,0.0013304438,0.010521792,0.10003435,0.007844796,0.008194007,0.13796495,0.004470282,0.0022022792,0.007583017,0.0032692417,0.0047877096,0.017120138,0.004098682,0.004801715,0.39418283,0.0033799224,0.010992397,0.0048384387,0.0033613378,0.009057781,0.0023769126,0.0020575584,0.010471797,0.0044567348,0.006682285,0.16113271,0.010651874,0.0082451925,0.0029542167,0.005614082
WA_20_aug_18.npz,WA,YA,False,0.39128098,0.00058012485,0.0045820037,0.0025340454,0.0003243207,0.0021053874,0.007868378,0.0036736592,0.0010491818,0.0010003556,0.00046679535,0.0007893276,0.0012411556,0.0013172062,0.002348305,0.00025000426,0.0015238181,0.0021143002,0.0010131595,0.0019178218,0.0012417936,0.0017451238,0.0004016451,0.0010098002,0.0031484251,0.00064061844,0.00038865142,0.28245324,0.0030307272,0.00071989995,0.0016981702,0.00076276006,0.003008883,0.01637774,0.2549925,0.39128098,0.00039970304
PHA_15_aug_13.npz,PHA,YAN,False,0.39083,0.0030923593,0.0037501492,0.00062366575,0.0052368306,0.0027633712,0.001074882,0.014117547,0.0025952219,0.0009829415,0.0005876965,0.00064563873,0.002347385,0.0018847062,0.050075855,0.0007950771,0.30743185,0.0017264739,0.0054735574,0.0011437978,0.0033570626,0.0025025276,0.00542422,0.0016695883,0.0018630072,0.012168271,0.16271687,0.002448954,0.002559502,0.0005280917,0.0005777346,0.00031538907,0.0018788074,0.0025149793,0.0012465514,0.0010494628,0.39083
TA_27_aug_14.npz,TA,NA,False,0.38903046,0.0014742755,0.0059071886,0.0018272038,0.0013538903,0.0023106083,0.00031046412,0.001425822,0.002903767,0.00031373097,0.0040531154,0.0049860114,0.00310687,0.002274841,0.0017136859,0.11768552,0.001013033,0.0019041698,0.001415345,0.00016584413,0.003612554,0.0035684344,0.38903046,0.0020073238,0.0033454634,0.00016578317,0.0068201576,0.0020197027,0.37572643,0.0024836655,0.048992857,0.00076399115,0.00047617708,0.0015763812,0.0008637675,0.001521093,0.0008803503
BA_15_aug_12.npz,BA,TRA,False,0.38832697,0.0019547862,0.0005511614,0.001708695,0.0043271743,0.0014368647,0.012986205,0.0014452699,0.0021113623,0.23562478,0.0054015396,0.0048594787,0.011598167,0.0028448766,0.00071429263,0.0009162358,0.0011283519,0.0017742546,0.010052456,0.0032531198,0.0017641776,0.00922449,0.00068301655,0.0016774493,0.0039688544,0.0014713332,0.0007425237,0.0013618954,0.0008234939,0.002364358,0.0013812092,0.0014521697,0.38832697,0.012983939,0.26283914,0.0029444727,0.0013014396
NAA_9_aug_10.npz,NAA,DHAA,False,0.38803953,0.0015064891,0.0019348381,0.017794298,0.00045425486,0.0036779875,0.004105186,0.0024095736,0.38803953,0.0010809413,0.0015043148,0.0011655155,0.0018494313,0.31252164,0.00044679965,0.004819568,0.002416118,0.0016944634,0.0015168705,0.02836726,0.0014461778,0.0017512494,0.018115943,0.1709581,0.00036624086,0.0030611367,0.00072868756,0.0058452943,0.0029039225,0.003645852,0.001658237,0.0015619757,0.0019409442,0.0023389773,0.0017628273,0.0026164332,0.0019929921
PHA_7_aug_10.npz,PHA,NAA,False,0.3852859,0.0025767977,0.0024456955,0.005936577,0.0038125033,0.0019187846,0.001352106,0.05028165,0.015844088,0.00063923415,0.0025590807,0.00076271227,0.010756582,0.0020857838,0.0021539975,0.0041321153,0.0012574196,0.0011863544,0.0028264783,0.0014361311,0.005363936,0.13998044,0.0128626935,0.3852859,0.0015960209,0.0015348255,0.3128046,0.0016516494,0.0028745246,0.0039088493,0.00428753,0.001989707,0.00222923,0.0017918689,0.0013129781,0.0018875094,0.0046736873
DAA_9_aug_06.npz,DAA,RA,False,0.378788,0.015110469,0.07873914,0.006338834,0.0016488145,0.016057465,0.0049349163,0.009726457,0.0060058385,0.005248058,0.0020455625,0.007055249,0.0044342526,0.003850327,0.00799848,0.0029761977,0.0070382953,0.0055855648,0.0029030524,0.004902776,0.012450105,0.009827959,0.004613137,0.008592313,0.007771797,0.003899057,0.0029775803,0.378788,0.009231396,0.0042594206,0.0035647184,0.0025645725,0.0054977466,0.24017455,0.08347789,0.02590497,0.003805047
DAA_8_aug_08.npz,DAA,THAA,False,0.3772622,0.0011847698,0.0009519712,0.0007461526,0.0035369208,0.0006035993,0.37086767,0.00046659046,0.0013933466,0.0006397498,0.0006382385,0.003015212,0.00040088253,0.0010592164,0.0010547584,0.00044801357,0.0016632671,0.00016314007,0.014630366,0.0031368888,0.002321786,0.00065568095,0.00030168414,0.001549218,0.0008297595,0.16039616,0.0008106913,0.00062094786,0.0012507,0.017052697,0.020584974,0.3772622,0.0017466968,0.0003422277,0.0009933352,0.002771422,0.0039090714
TAA_7_aug_03.npz,TAA,DA,False,0.37680373,0.00833498,0.0047915177,0.005597401,0.0044414187,0.37680373,0.0045748614,0.0026269902,0.0028737017,0.008783759,0.003066115,0.0045730006,0.004478055,0.004129859,0.011833967,0.0012717702,0.35798177,0.0766471,0.0032354114,0.0038497292,0.0056232326,0.0016617053,0.00090396235,0.0012054337,0.0069952803,0.019116027,0.0022379558,0.0058675306,0.0015119325,0.01592896,0.0019585239,0.003727622,0.004230847,0.007829528,0.0045760507,0.0016689809,0.025061335
KSHA_3_aug_12.npz,KSHA,M_SHA,False,0.3760887,0.00201516,0.0031917668,0.0021465234,0.0021018544,0.0020884732,0.015433887,0.0025916197,0.00093225035,0.0027085927,0.001799169,0.006150412,0.002221106,0.0012553739,0.0008637914,0.003996579,0.0015971899,0.00042057477,0.3707792,0.0031458668,0.0038760742,0.3760887,0.0027776964,0.0047237524,0.0016095196,0.005630492,0.037290424,0.0012792455,0.0010066672,0.0038442786,0.0028896395,0.0033229238,0.10448762,0.0018390347,0.001962506,0.00068671943,0.021245416
YA_8_aug_04.npz,YA,RA,False,0.37529472,0.0014477113,0.028941154,0.007945425,0.001126087,0.004680307,0.008645666,0.008049993,0.006347471,0.00089936046,0.0011626037,0.00357583,0.004325255,0.002700468,0.0055967406,0.0012754617,0.0030772875,0.0029133805,0.002722284,0.004069918,0.006617753,0.00476888,0.007056948,0.0039578713,0.004362603,0.0013584861,0.0033603155,0.37529472,0.090395495,0.0018356186,0.0089264,0.002614376,0.0031602848,0.009959237,0.030456314,0.34332272,0.0030496116
JHA_8_aug_09.npz,JHA,TAA,False,0.37460336,0.0025632645,0.0018833616,0.0033094306,0.0033068294,0.039825585,0.001684333,0.0014172642,0.002679251,0.0012934296,0.0032126186,0.0047312547,0.0012920803,0.0036796427,0.001020877,0.25146788,0.0008023118,0.0033895322,0.0023338608,0.0022304077,0.001735102,0.004838499,0.0027177783,0.0045117433,0.0014568301,0.004196299,0.0022482784,0.0013481476,0.0071368925,0.37460336,0.22666726,0.030291328,0.0007378189,0.002153616,0.0011588302,0.0005500343,0.0015248924
NAA_6_aug_05.npz,NAA,LA,False,0.37276876,0.0037883061,0.005249568,0.31668684,0.0026745498,0.008320843,0.0105925035,0.008911299,0.02415908,0.0019596044,0.0038410833,0.011291814,0.0011029805,0.053471148,0.0016002874,0.005355876,0.004449331,0.006849621,0.00536106,0.37276876,0.00946351,0.0026593937,0.01859419,0.05282764,0.002725292,0.011374788,0.0009817332,0.007823161,0.00296228,0.0037738339,0.0038238743,0.0066696,0.0054226,0.0031106975,0.0067318506,0.009877511,0.002743567
M_SHA_6_aug_17.npz,M_SHA,NAA,False,0.3719563,0.0015356964,0.003175195,0.0017223342,0.0014132747,0.0015131534,0.001135668,0.0037734509,0.08695237,0.0013658357,0.007550868,0.0009959436,0.086270414,0.0010930792,0.0011486819,0.0012354593,0.0009257973,0.0016711842,0.0014369516,0.0016210066,0.0019889195,0.36650217,0.0043101395,0.3719563,0.0010080112,0.0006998536,0.024809062,0.0021972812,0.0026431624,0.002353521,0.0023641828,0.0028762927,0.0026731375,0.0011095682,0.0013835788,0.0030626694,0.0015259212
HA_15_aug_02.npz,HA,LA,False,0.35954735,0.0031049962,0.0034198307,0.06793024,0.0018974543,0.0051122354,0.010755217,0.0034062173,0.07068224,0.0010377632,0.0026204064,0.0037821094,0.0007948699,0.34029695,0.0007309326,0.0065183425,0.0025882125,0.004962321,0.0034376418,0.35954735,0.0053842887,0.002177884,0.014224945,0.04243661,0.0008916769,0.006351607,0.0005228981,0.004076504,0.0023300878,0.00303267,0.003422586,0.0041675116,0.0038069086,0.0019590138,0.00445106,0.0060197515,0.0021185272
THAA_22_aug_07.npz,THAA,DAA,False,0.35613963,0.0014578201,0.0014898365,0.0011603418,0.004913075,0.0012235647,0.35613963,0.00080234266,0.0015330497,0.001229997,0.0014498383,0.0039450964,0.0005181744,0.00150272,0.0016111126,0.0011926527,0.0034461957,0.0002308173,0.056455642,0.005919719,0.0042007123,0.0016850446,0.0007394714,0.0027803383,0.0011492337,0.35524952,0.0012634809,0.00094801345,0.001164941,0.02063241,0.009646109,0.13642251,0.0048237895,0.0005951378,0.0013988694,0.0020969328,0.008981954
KA_14_aug_05.npz,KA,KHA,False,0.35523233,0.0062401784,0.0023855981,0.0036724634,0.0020470729,0.27488843,0.0018619455,0.0016293909,0.001163953,0.006166322,0.0029384552,0.0026056818,0.0050258148,0.0016025392,0.012960047,0.00046246866,0.27734047,0.35523233,0.00087974645,0.0017319667,0.002751104,0.00077210134,0.0005032472,0.0003956434,0.006805912,0.001907204,0.00070278166,0.0025851564,0.0007631832,0.005684256,0.0012592133,0.0013701324,0.0030477396,0.0038899092,0.0025478129,0.0008644247,0.0033153065
M_SHA_19_aug_20.npz,M_SHA,NAA,False,0.34918123,0.0016950952,0.0043288125,0.0021529507,0.0012313041,0.0016844939,0.001857384,0.0035945515,0.20982938,0.002328068,0.0087923985,0.0013368567,0.111264534,0.002289734,0.0014771242,0.0014744585,0.0014969507,0.0021359385,0.001498202,0.0025675385,0.0019853052,0.2291361,0.006035567,0.34918123,0.001233588,0.00091252476,0.017453834,0.0035076907,0.0042798617,0.0024550448,0.003082545,0.0037388117,0.0033402254,0.001641616,0.0022119312,0.004499665,0.0022686913
WA_22_aug_15.npz,WA,T_SHA,False,0.34000066,0.0018243678,0.01221451,0.0019189118,0.00043903344,0.0076363753,0.0015449078,0.005443812,0.0013497627,0.0035983303,0.0003519386,0.002059546,0.002077433,0.0015377911,0.0018681918,0.0007584248,0.0024683424,0.0014253812,0.0007958601,0.0024018525,0.0017771735,0.0061820834,0.0009552223,0.0022305795,0.00281558,0.0009015076,0.0006977967,0.3220933,0.0022799433,0.0009480509,0.0010012038,0.00040446757,0.0031587973,0.34000066,0.24472542,0.017123884,0.000989614
PA_23_aug_04.npz,PA,TAA,False,0.31492507,0.0067134807,0.006070072,0.0072273924,0.009627401,0.15423499,0.013059632,0.002234576,0.004923727,0.0084871845,0.0018805321,0.008586031,0.002677938,0.006571102,0.0027830722,0.0071242773,0.020747656,0.004870534,0.006077878,0.006591109,0.008202548,0.0023025451,0.001394919,0.00592203,0.0047749835,0.26255497,0.0048194355,0.00580679,0.0021678817,0.31492507,0.0075259656,0.04698328,0.0030436628,0.0047409153,0.0052400557,0.003533552,0.035572857
NAA_9_aug_03.npz,NAA,M_SHA,False,0.29889053,0.002154961,0.0052045123,0.0019021672,0.0016171334,0.0018430081,0.0021962035,0.0034779073,0.17948548,0.0028806534,0.011819951,0.001614336,0.17096493,0.0022384906,0.0017452978,0.0015548402,0.0018496437,0.0026464062,0.001603348,0.002681832,0.0022265676,0.29889053,0.005654464,0.2377182,0.0015870072,0.0008789201,0.019214263,0.003960468,0.0044962247,0.0024667075,0.0033136455,0.004419199,0.0040024933,0.0018709032,0.0025244926,0.0049280594,0.0023666904
NAA_20_aug_13.npz,NAA,LA,False,0.29382882,0.0025099886,0.00258632,0.28112656,0.0010644123,0.005439813,0.008316902,0.0057237325,0.055388484,0.0011198883,0.0023443464,0.003978968,0.0006896777,0.108551316,0.0006903147,0.0047735167,0.002451431,0.004874016,0.003482372,0.29382882,0.003981593,0.0016983352,0.02100023,0.14032663,0.00088950974,0.008652626,0.00046996467,0.0052153305,0.002370124,0.0028393304,0.0027737531,0.0031504296,0.0026418907,0.0023668897,0.004477283,0.006518398,0.0016867006
NAA_24_aug_11.npz,NAA,CHA,False,0.29185924,0.0085880775,0.009912885,0.29185924,0.0046971943,0.019418135,0.008479416,0.113227114,0.030079473,0.0075688306,0.00993286,0.013406473,0.005901473,0.014146779,0.0150501365,0.013994321,0.011682993,0.01407154,0.011972174,0.022599544,0.014965571,0.008267992,0.048113156,0.14533502,0.009822677,0.0083800135,0.01035592,0.015920538,0.015554465,0.010369115,0.014698981,0.007688772,0.012484561,0.018064152,0.01593378,0.013517073,0.003939508
JHA_6_aug_11.npz,JHA,TA,False,0.2870592,0.009749716,0.027469216,0.0090572685,0.0075188694,0.010326421,0.0044025835,0.0068325736,0.014796441,0.0033645346,0.016454227,0.0201291,0.016498592,0.012796107,0.010008007,0.10652823,0.0077407532,0.010621051,0.0070623155,0.002100939,0.0141051635,0.014356853,0.2085634,0.008213686,0.013493075,0.0017934322,0.018521782,0.013504919,0.2870592,0.008812341,0.06366447,0.005932588,0.0042330995,0.010462039,0.0072660837,0.010350609,0.0062104114
NAA_24_aug_02.npz,NAA,JA,False,0.2802178,0.017663414,0.01862254,0.018047614,0.011016635,0.017815517,0.013014117,0.055175845,0.013339027,0.018612145,0.024067933,0.015373922,0.012011101,0.00855203,0.2802178,0.008273072,0.09480426,0.028859297,0.011070094,0.008748177,0.014953039,0.0078117424,0.025371043,0.0132796345,0.069736026,0.013287293,0.011976153,0.013635723,0.032772288,0.0052750926,0.015469228,0.0065792655,0.014627825,0.024793513,0.020125141,0.018127015,0.016895436
NAA_20_aug_11.npz,NAA,CHA,False,0.25690997,0.0023873865,0.0024664532,0.25690997,0.00092353165,0.005448973,0.007922505,0.005542861,0.07256289,0.0011505953,0.0022158474,0.003491094,0.00076042017,0.12167384,0.0006261698,0.004824132,0.0024122123,0.0043774103,0.0034606028,0.23129666,0.0035037517,0.0017716122,0.023811717,0.19687974,0.00081296836,0.008694544,0.00048844086,0.0055843405,0.002519077,0.003169034,0.0026720513,0.0029232872,0.0025112815,0.002414316,0.0041023623,0.005959233,0.0017287692
KSHA_7_aug_12.npz,KSHA,DAA,False,0.19132507,0.011781332,0.013458434,0.009627184,0.014127853,0.006848194,0.19132507,0.008610972,0.009918263,0.027705431,0.019066337,0.016034584,0.010275912,0.009983598,0.00975725,0.010223406,0.014264432,0.009136819,0.16618992,0.010499485,0.023084398,0.021805549,0.01267506,0.011369522,0.010227078,0.029271392,0.013060354,0.011149837,0.008765234,0.0139752785,0.009801675,0.020277979,0.17357284,0.008775374,0.025973685,0.01715945,0.02022086
TRA_9_aug_18.npz,TRA,M_SHA,False,0.18051735,0.023114948,0.016695725,0.007166189,0.008949852,0.018284185,0.016286839,0.0038273404,0.029353144,0.115217924,0.022750035,0.014558817,0.17304826,0.009944611,0.0070147333,0.015507282,0.0098629575,0.014323962,0.020933615,0.007214437,0.01335762,0.18051735,0.010619539,0.02213282,0.010544844,0.008262688,0.015676674,0.0055672526,0.006583151,0.016438201,0.008858233,0.013696084,0.10304706,0.017437244,0.013403219,0.007530326,0.01227286
NAA_24_aug_07.npz,NAA,DHA,False,0.17805187,0.012796356,0.016032102,0.15459308,0.009249418,0.02117067,0.0111519,0.17805187,0.02246715,0.011556792,0.011752876,0.018569238,0.008626482,0.015331776,0.04456609,0.015423432,0.023340147,0.015400173,0.016380077,0.021700522,0.020403257,0.010434902,0.041311577,0.058819093,0.03343744,0.01433655,0.016249428,0.022352286,0.023516098,0.011298476,0.019713968,0.0102219945,0.018925866,0.02342563,0.022545481,0.017234974,0.0076128263
BHA_9_aug_16.npz,BHA,MA,False,0.17276722,0.024851767,0.16063859,0.015743548,0.024209855,0.0086876685,0.013322636,0.01095648,0.012700882,0.0044136853,0.015369388,0.017331498,0.009717065,0.011780938,0.01344833,0.018863417,0.011959518,0.011441481,0.017786734,0.017176664,0.17276722,0.01524725,0.11794417,0.018960811,0.007972557,0.01346049,0.026283812,0.05280194,0.04489858,0.007730092,0.008365982,0.010739122,0.013274756,0.012706622,0.010272525,0.023777762,0.02239617
NAA_24_aug_10.npz,NAA,NGA,False,0.14993016,0.017945845,0.015842417,0.120656095,0.011940569,0.020168897,0.009911806,0.10672147,0.012121942,0.013696803,0.012812841,0.044790458,0.007609625,0.01570531,0.07471364,0.014044905,0.022752235,0.016487686,0.01383473,0.019563524,0.01725872,0.008809378,0.033978466,0.02719806,0.14993016,0.012077562,0.008809646,0.013711183,0.030501638,0.009172056,0.021828787,0.009792491,0.02177565,0.020335669,0.021711975,0.015226665,0.006561053
NAA_8_aug_03.npz,NAA,TA,False,0.078385256,0.023030946,0.042539246,0.022139072,0.019581519,0.02396389,0.023109991,0.020164546,0.02857301,0.017307982,0.022131748,0.02823925,0.028660761,0.021730183,0.024999881,0.05021433,0.01805525,0.020896286,0.017482663,0.015287734,0.027738094,0.026104804,0.04534198,0.020682689,0.024424037,0.013894605,0.025359739,0.032290973,0.078385256,0.026461542,0.06287538,0.030310161,0.01654508,0.024954068,0.023473004,0.032393496,0.020656912
BHA_9_aug_02.npz,BHA,YA,False,0.056622095,0.022516135,0.042462658,0.023280831,0.01775494,0.022528173,0.044635586,0.020897385,0.029630834,0.038696155,0.024191499,0.023220861,0.028880343,0.018885216,0.028036656,0.02489758,0.02327658,0.019997464,0.01950807,0.017864263,0.030601501,0.021924112,0.024890093,0.02368985,0.02843997,0.01790332,0.019660559,0.05241925,0.027952587,0.02252086,0.023989988,0.026746806,0.031624638,0.03431366,0.04905673,0.056622095,0.016482709
